lane,read_label,position_1based,records_with_base,a_count,c_count,g_count,t_count,n_count,a_fraction,c_fraction,g_fraction,t_fraction,n_fraction,dominant_base,dominant_base_fraction
Lane01,R1,1,10000,2542,2213,2542,2702,1,0.2542,0.2213,0.2542,0.2702,0.0001,T,0.2702
Lane01,R1,2,10000,2420,2170,2568,2842,0,0.242,0.217,0.2568,0.2842,0.0,T,0.2842
Lane01,R1,3,10000,2424,2292,2477,2807,0,0.2424,0.2292,0.2477,0.2807,0.0,T,0.2807
Lane01,R1,4,10000,4192,1717,1504,2587,0,0.4192,0.1717,0.1504,0.2587,0.0,A,0.4192
Lane01,R1,5,10000,5123,1400,1035,2442,0,0.5123,0.14,0.1035,0.2442,0.0,A,0.5123
Lane01,R1,6,10000,2467,2181,2516,2836,0,0.2467,0.2181,0.2516,0.2836,0.0,T,0.2836
Lane01,R1,7,10000,2483,2157,2481,2879,0,0.2483,0.2157,0.2481,0.2879,0.0,T,0.2879
Lane01,R1,8,10000,2562,2208,2579,2651,0,0.2562,0.2208,0.2579,0.2651,0.0,T,0.2651
Lane01,R1,9,10000,2442,2127,2502,2929,0,0.2442,0.2127,0.2502,0.2929,0.0,T,0.2929
Lane01,R1,10,10000,2485,2189,2490,2836,0,0.2485,0.2189,0.249,0.2836,0.0,T,0.2836
Lane01,R1,11,10000,2446,2146,2577,2831,0,0.2446,0.2146,0.2577,0.2831,0.0,T,0.2831
Lane01,R1,12,10000,2431,2241,2501,2827,0,0.2431,0.2241,0.2501,0.2827,0.0,T,0.2827
Lane01,R1,13,10000,2428,2171,2390,3011,0,0.2428,0.2171,0.239,0.3011,0.0,T,0.3011
Lane01,R1,14,10000,2429,2330,2350,2891,0,0.2429,0.233,0.235,0.2891,0.0,T,0.2891
Lane01,R1,15,10000,2424,2188,2458,2930,0,0.2424,0.2188,0.2458,0.293,0.0,T,0.293
Lane01,R1,16,10000,2451,2267,2438,2844,0,0.2451,0.2267,0.2438,0.2844,0.0,T,0.2844
Lane01,R1,17,10000,2419,2197,2522,2862,0,0.2419,0.2197,0.2522,0.2862,0.0,T,0.2862
Lane01,R1,18,10000,2418,2233,2459,2890,0,0.2418,0.2233,0.2459,0.289,0.0,T,0.289
Lane01,R1,19,10000,2501,2225,2452,2822,0,0.2501,0.2225,0.2452,0.2822,0.0,T,0.2822
Lane01,R1,20,10000,2506,2169,2461,2864,0,0.2506,0.2169,0.2461,0.2864,0.0,T,0.2864
Lane01,R1,21,10000,2532,2197,2401,2870,0,0.2532,0.2197,0.2401,0.287,0.0,T,0.287
Lane01,R1,22,10000,2516,2250,2394,2840,0,0.2516,0.225,0.2394,0.284,0.0,T,0.284
Lane01,R1,23,10000,2493,2283,2396,2828,0,0.2493,0.2283,0.2396,0.2828,0.0,T,0.2828
Lane01,R1,24,10000,2477,2239,2435,2849,0,0.2477,0.2239,0.2435,0.2849,0.0,T,0.2849
Lane01,R1,25,10000,2522,2261,2377,2840,0,0.2522,0.2261,0.2377,0.284,0.0,T,0.284
Lane01,R1,26,10000,2411,2305,2365,2919,0,0.2411,0.2305,0.2365,0.2919,0.0,T,0.2919
Lane01,R1,27,10000,2521,2389,2228,2862,0,0.2521,0.2389,0.2228,0.2862,0.0,T,0.2862
Lane01,R1,28,10000,2497,2326,2237,2940,0,0.2497,0.2326,0.2237,0.294,0.0,T,0.294
Lane01,R1,29,10000,2498,2396,2283,2823,0,0.2498,0.2396,0.2283,0.2823,0.0,T,0.2823
Lane01,R1,30,10000,2466,2692,2064,2778,0,0.2466,0.2692,0.2064,0.2778,0.0,T,0.2778
Lane01,R1,31,10000,415,8556,467,561,1,0.0415,0.8556,0.0467,0.0561,0.0001,C,0.8556
Lane01,R1,32,10000,446,8336,500,718,0,0.0446,0.8336,0.05,0.0718,0.0,C,0.8336
Lane01,R1,33,10000,483,7975,730,812,0,0.0483,0.7975,0.073,0.0812,0.0,C,0.7975
Lane01,R1,34,10000,417,772,7281,1530,0,0.0417,0.0772,0.7281,0.153,0.0,G,0.7281
Lane01,R1,35,10000,520,1009,905,7566,0,0.052,0.1009,0.0905,0.7566,0.0,T,0.7566
Lane01,R1,36,10000,538,1205,501,7756,0,0.0538,0.1205,0.0501,0.7756,0.0,T,0.7756
Lane01,R1,37,10000,672,7701,970,657,0,0.0672,0.7701,0.097,0.0657,0.0,C,0.7701
Lane01,R1,38,10000,784,1256,6798,1159,3,0.0784,0.1256,0.6798,0.1159,0.0003,G,0.6798
Lane01,R1,39,10000,1145,7644,526,684,1,0.1145,0.7644,0.0526,0.0684,0.0001,C,0.7644
Lane01,R1,40,10000,7589,767,363,1281,0,0.7589,0.0767,0.0363,0.1281,0.0,A,0.7589
Lane01,R1,41,10000,7209,1216,407,1168,0,0.7209,0.1216,0.0407,0.1168,0.0,A,0.7209
Lane01,R1,42,10000,1518,6980,473,1028,1,0.1518,0.698,0.0473,0.1028,0.0001,C,0.698
Lane01,R1,43,10000,7018,730,588,1664,0,0.7018,0.073,0.0588,0.1664,0.0,A,0.7018
Lane01,R1,44,10000,1191,685,951,7173,0,0.1191,0.0685,0.0951,0.7173,0.0,T,0.7173
Lane01,R1,45,10000,539,1350,6882,1228,1,0.0539,0.135,0.6882,0.1228,0.0001,G,0.6882
Lane01,R1,46,10000,1194,1234,595,6977,0,0.1194,0.1234,0.0595,0.6977,0.0,T,0.6977
Lane01,R1,47,10000,659,7401,808,1132,0,0.0659,0.7401,0.0808,0.1132,0.0,C,0.7401
Lane01,R1,48,10000,1194,831,1233,6742,0,0.1194,0.0831,0.1233,0.6742,0.0,T,0.6742
Lane01,R1,49,10000,583,1084,7110,1223,0,0.0583,0.1084,0.711,0.1223,0.0,G,0.711
Lane01,R1,50,10000,783,1763,6727,726,1,0.0783,0.1763,0.6727,0.0726,0.0001,G,0.6727
Lane01,R1,51,10000,633,6662,1080,1625,0,0.0633,0.6662,0.108,0.1625,0.0,C,0.6662
Lane01,R1,52,10000,745,1630,6481,1142,2,0.0745,0.163,0.6481,0.1142,0.0002,G,0.6481
Lane01,R1,53,10000,785,1693,549,6973,0,0.0785,0.1693,0.0549,0.6973,0.0,T,0.6973
Lane01,R1,54,10000,1133,6695,1085,1087,0,0.1133,0.6695,0.1085,0.1087,0.0,C,0.6695
Lane01,R1,55,10000,7181,823,612,1383,1,0.7181,0.0823,0.0612,0.1383,0.0001,A,0.7181
Lane01,R1,56,10000,1142,764,1177,6917,0,0.1142,0.0764,0.1177,0.6917,0.0,T,0.6917
Lane01,R1,57,10000,6324,1479,896,1301,0,0.6324,0.1479,0.0896,0.1301,0.0,A,0.6324
Lane01,R1,58,10000,601,1695,675,7026,3,0.0601,0.1695,0.0675,0.7026,0.0003,T,0.7026
Lane01,R1,59,10000,736,7023,661,1579,1,0.0736,0.7023,0.0661,0.1579,0.0001,C,0.7023
Lane01,R1,60,10000,1124,1088,727,7060,1,0.1124,0.1088,0.0727,0.706,0.0001,T,0.706
Lane01,R1,61,10000,746,1408,1317,6529,0,0.0746,0.1408,0.1317,0.6529,0.0,T,0.6529
Lane01,R1,62,10000,854,900,6799,1446,1,0.0854,0.09,0.6799,0.1446,0.0001,G,0.6799
Lane01,R1,63,10000,1437,1137,1275,6151,0,0.1437,0.1137,0.1275,0.6151,0.0,T,0.6151
Lane01,R1,64,10000,1132,985,6543,1340,0,0.1132,0.0985,0.6543,0.134,0.0,G,0.6543
Lane01,R1,65,10000,6533,1629,683,1154,1,0.6533,0.1629,0.0683,0.1154,0.0001,A,0.6533
Lane01,R1,66,10000,1011,6624,644,1721,0,0.1011,0.6624,0.0644,0.1721,0.0,C,0.6624
Lane01,R1,67,10000,1728,1424,593,6255,0,0.1728,0.1424,0.0593,0.6255,0.0,T,0.6255
Lane01,R1,68,10000,6105,1548,1104,1243,0,0.6105,0.1548,0.1104,0.1243,0.0,A,0.6105
Lane01,R1,69,10000,1293,6025,1019,1663,0,0.1293,0.6025,0.1019,0.1663,0.0,C,0.6025
Lane01,R1,70,10000,5983,1190,1682,1144,1,0.5983,0.119,0.1682,0.1144,0.0001,A,0.5983
Lane01,R1,71,10000,908,1645,6142,1305,0,0.0908,0.1645,0.6142,0.1305,0.0,G,0.6142
Lane01,R1,72,10000,1455,6377,774,1392,2,0.1455,0.6377,0.0774,0.1392,0.0002,C,0.6377
Lane01,R1,73,10000,5724,2495,587,1192,2,0.5724,0.2495,0.0587,0.1192,0.0002,A,0.5724
Lane01,R1,74,10000,1562,6635,638,1165,0,0.1562,0.6635,0.0638,0.1165,0.0,C,0.6635
Lane01,R1,75,10000,1429,6448,788,1333,2,0.1429,0.6448,0.0788,0.1333,0.0002,C,0.6448
Lane01,R1,76,10000,1170,5968,688,2173,1,0.117,0.5968,0.0688,0.2173,0.0001,C,0.5968
Lane01,R1,77,10000,1012,2113,1007,5867,1,0.1012,0.2113,0.1007,0.5867,0.0001,T,0.5867
Lane01,R1,78,10000,1274,5778,1133,1814,1,0.1274,0.5778,0.1133,0.1814,0.0001,C,0.5778
Lane01,R1,79,10000,1397,2113,5280,1210,0,0.1397,0.2113,0.528,0.121,0.0,G,0.528
Lane01,R1,80,10000,5545,1718,1241,1495,1,0.5545,0.1718,0.1241,0.1495,0.0001,A,0.5545
Lane01,R1,81,10000,1227,6039,690,2044,0,0.1227,0.6039,0.069,0.2044,0.0,C,0.6039
Lane01,R1,82,10000,1503,1685,1011,5801,0,0.1503,0.1685,0.1011,0.5801,0.0,T,0.5801
Lane01,R1,83,10000,1183,5643,846,2327,1,0.1183,0.5643,0.0846,0.2327,0.0001,C,0.5643
Lane01,R1,84,10000,1322,1692,1558,5428,0,0.1322,0.1692,0.1558,0.5428,0.0,T,0.5428
Lane01,R1,85,10000,1222,6023,1379,1373,3,0.1222,0.6023,0.1379,0.1373,0.0003,C,0.6023
Lane01,R1,86,10000,1452,2189,5235,1123,1,0.1452,0.2189,0.5235,0.1123,0.0001,G,0.5235
Lane01,R1,87,10000,1362,5973,1442,1222,1,0.1362,0.5973,0.1442,0.1222,0.0001,C,0.5973
Lane01,R1,88,10000,2840,2296,2293,2549,22,0.284,0.2296,0.2293,0.2549,0.0022,A,0.284
Lane01,R1,89,10000,2869,2942,2010,2178,1,0.2869,0.2942,0.201,0.2178,0.0001,C,0.2942
Lane01,R1,90,10000,2900,2114,2177,2807,2,0.29,0.2114,0.2177,0.2807,0.0002,A,0.29
Lane01,R1,91,10000,3007,2372,1878,2743,0,0.3007,0.2372,0.1878,0.2743,0.0,A,0.3007
Lane01,R1,92,10000,2567,3068,2027,2338,0,0.2567,0.3068,0.2027,0.2338,0.0,C,0.3068
Lane01,R1,93,10000,2793,2341,1891,2973,2,0.2793,0.2341,0.1891,0.2973,0.0002,T,0.2973
Lane01,R1,94,10000,2626,2843,2531,2000,0,0.2626,0.2843,0.2531,0.2,0.0,C,0.2843
Lane01,R1,95,10000,3084,2630,2013,2269,4,0.3084,0.263,0.2013,0.2269,0.0004,A,0.3084
Lane01,R1,96,10000,2429,2491,2324,2751,5,0.2429,0.2491,0.2324,0.2751,0.0005,T,0.2751
Lane01,R1,97,10000,2609,2199,1963,3224,5,0.2609,0.2199,0.1963,0.3224,0.0005,T,0.3224
Lane01,R1,98,10000,1307,1158,1575,5956,4,0.1307,0.1158,0.1575,0.5956,0.0004,T,0.5956
Lane01,R1,99,10000,1698,1432,980,5886,4,0.1698,0.1432,0.098,0.5886,0.0004,T,0.5886
Lane01,R1,100,10000,2173,1219,1001,5606,1,0.2173,0.1219,0.1001,0.5606,0.0001,T,0.5606
Lane01,R2,1,10000,2063,2620,4544,773,0,0.2063,0.262,0.4544,0.0773,0.0,G,0.4544
Lane01,R2,2,10000,2223,1791,2163,3823,0,0.2223,0.1791,0.2163,0.3823,0.0,T,0.3823
Lane01,R2,3,10000,2747,2273,2102,2878,0,0.2747,0.2273,0.2102,0.2878,0.0,T,0.2878
Lane01,R2,4,10000,1797,3122,1660,3420,1,0.1797,0.3122,0.166,0.342,0.0001,T,0.342
Lane01,R2,5,10000,3777,1450,1233,3540,0,0.3777,0.145,0.1233,0.354,0.0,A,0.3777
Lane01,R2,6,10000,3680,1620,2954,1746,0,0.368,0.162,0.2954,0.1746,0.0,A,0.368
Lane01,R2,7,10000,3371,1710,2330,2589,0,0.3371,0.171,0.233,0.2589,0.0,A,0.3371
Lane01,R2,8,10000,3542,1722,2212,2524,0,0.3542,0.1722,0.2212,0.2524,0.0,A,0.3542
Lane01,R2,9,10000,1867,3555,2728,1850,0,0.1867,0.3555,0.2728,0.185,0.0,C,0.3555
Lane01,R2,10,10000,2898,2338,1554,3210,0,0.2898,0.2338,0.1554,0.321,0.0,T,0.321
Lane01,R2,11,10000,2657,2157,3120,2066,0,0.2657,0.2157,0.312,0.2066,0.0,G,0.312
Lane01,R2,12,10000,3300,1873,2149,2677,1,0.33,0.1873,0.2149,0.2677,0.0001,A,0.33
Lane01,R2,13,10000,2712,2197,2543,2548,0,0.2712,0.2197,0.2543,0.2548,0.0,A,0.2712
Lane01,R2,14,10000,2665,2887,2168,2280,0,0.2665,0.2887,0.2168,0.228,0.0,C,0.2887
Lane01,R2,15,10000,3705,1996,2086,2213,0,0.3705,0.1996,0.2086,0.2213,0.0,A,0.3705
Lane01,R2,16,10000,3136,2009,2554,2301,0,0.3136,0.2009,0.2554,0.2301,0.0,A,0.3136
Lane01,R2,17,10000,3651,1848,2305,2196,0,0.3651,0.1848,0.2305,0.2196,0.0,A,0.3651
Lane01,R2,18,10000,3005,2062,2141,2792,0,0.3005,0.2062,0.2141,0.2792,0.0,A,0.3005
Lane01,R2,19,10000,3430,1903,2358,2309,0,0.343,0.1903,0.2358,0.2309,0.0,A,0.343
Lane01,R2,20,10000,3130,1973,2260,2637,0,0.313,0.1973,0.226,0.2637,0.0,A,0.313
Lane01,R2,21,10000,3200,2193,2555,2051,1,0.32,0.2193,0.2555,0.2051,0.0001,A,0.32
Lane01,R2,22,10000,3441,1837,2459,2262,1,0.3441,0.1837,0.2459,0.2262,0.0001,A,0.3441
Lane01,R2,23,10000,3292,2251,2201,2256,0,0.3292,0.2251,0.2201,0.2256,0.0,A,0.3292
Lane01,R2,24,10000,3495,1699,2500,2306,0,0.3495,0.1699,0.25,0.2306,0.0,A,0.3495
Lane01,R2,25,10000,3324,2289,1974,2413,0,0.3324,0.2289,0.1974,0.2413,0.0,A,0.3324
Lane01,R2,26,10000,3467,1881,2387,2265,0,0.3467,0.1881,0.2387,0.2265,0.0,A,0.3467
Lane01,R2,27,10000,3555,2110,1965,2369,1,0.3555,0.211,0.1965,0.2369,0.0001,A,0.3555
Lane01,R2,28,10000,3389,1738,2483,2390,0,0.3389,0.1738,0.2483,0.239,0.0,A,0.3389
Lane01,R2,29,10000,3788,1820,2151,2241,0,0.3788,0.182,0.2151,0.2241,0.0,A,0.3788
Lane01,R2,30,10000,3431,2068,2124,2377,0,0.3431,0.2068,0.2124,0.2377,0.0,A,0.3431
Lane01,R2,31,10000,3662,1832,2351,2155,0,0.3662,0.1832,0.2351,0.2155,0.0,A,0.3662
Lane01,R2,32,10000,3575,2023,2114,2288,0,0.3575,0.2023,0.2114,0.2288,0.0,A,0.3575
Lane01,R2,33,10000,3822,1925,2195,2056,2,0.3822,0.1925,0.2195,0.2056,0.0002,A,0.3822
Lane01,R2,34,10000,3465,1863,2485,2187,0,0.3465,0.1863,0.2485,0.2187,0.0,A,0.3465
Lane01,R2,35,10000,4056,1696,2091,2157,0,0.4056,0.1696,0.2091,0.2157,0.0,A,0.4056
Lane01,R2,36,10000,3687,1740,2208,2364,1,0.3687,0.174,0.2208,0.2364,0.0001,A,0.3687
Lane01,R2,37,10000,3684,2285,1994,2037,0,0.3684,0.2285,0.1994,0.2037,0.0,A,0.3684
Lane01,R2,38,10000,3674,1610,2596,2119,1,0.3674,0.161,0.2596,0.2119,0.0001,A,0.3674
Lane01,R2,39,10000,3723,1756,2421,2100,0,0.3723,0.1756,0.2421,0.21,0.0,A,0.3723
Lane01,R2,40,10000,4131,1625,2073,2170,1,0.4131,0.1625,0.2073,0.217,0.0001,A,0.4131
Lane01,R2,41,10000,3945,1690,2209,2152,4,0.3945,0.169,0.2209,0.2152,0.0004,A,0.3945
Lane01,R2,42,10000,3731,1664,2480,2122,3,0.3731,0.1664,0.248,0.2122,0.0003,A,0.3731
Lane01,R2,43,10000,4145,1616,2147,2089,3,0.4145,0.1616,0.2147,0.2089,0.0003,A,0.4145
Lane01,R2,44,10000,3623,1765,2542,2067,3,0.3623,0.1765,0.2542,0.2067,0.0003,A,0.3623
Lane01,R2,45,10000,3737,2208,2088,1967,0,0.3737,0.2208,0.2088,0.1967,0.0,A,0.3737
Lane01,R2,46,10000,3435,1807,2612,2144,2,0.3435,0.1807,0.2612,0.2144,0.0002,A,0.3435
Lane01,R2,47,10000,3546,1853,2170,2430,1,0.3546,0.1853,0.217,0.243,0.0001,A,0.3546
Lane01,R2,48,10000,3641,2201,2016,2113,29,0.3641,0.2201,0.2016,0.2113,0.0029,A,0.3641
Lane01,R2,49,10000,3578,1825,2499,2071,27,0.3578,0.1825,0.2499,0.2071,0.0027,A,0.3578
Lane01,R2,50,10000,3627,1705,2125,2536,7,0.3627,0.1705,0.2125,0.2536,0.0007,A,0.3627
Lane01,R2,51,10000,3587,1665,2615,2131,2,0.3587,0.1665,0.2615,0.2131,0.0002,A,0.3587
Lane01,R2,52,10000,3809,1648,1970,2573,0,0.3809,0.1648,0.197,0.2573,0.0,A,0.3809
Lane01,R2,53,10000,4051,1651,2232,2066,0,0.4051,0.1651,0.2232,0.2066,0.0,A,0.4051
Lane01,R2,54,10000,3833,1549,2391,2225,2,0.3833,0.1549,0.2391,0.2225,0.0002,A,0.3833
Lane01,R2,55,10000,3851,1691,2426,2031,1,0.3851,0.1691,0.2426,0.2031,0.0001,A,0.3851
Lane01,R2,56,10000,3771,1594,2575,2054,6,0.3771,0.1594,0.2575,0.2054,0.0006,A,0.3771
Lane01,R2,57,10000,4188,1731,2072,2006,3,0.4188,0.1731,0.2072,0.2006,0.0003,A,0.4188
Lane01,R2,58,10000,4260,1690,1977,2071,2,0.426,0.169,0.1977,0.2071,0.0002,A,0.426
Lane01,R2,59,10000,4402,1568,2081,1947,2,0.4402,0.1568,0.2081,0.1947,0.0002,A,0.4402
Lane01,R2,60,10000,3845,1706,2392,2054,3,0.3845,0.1706,0.2392,0.2054,0.0003,A,0.3845
Lane01,R2,61,10000,4377,1629,2089,1902,3,0.4377,0.1629,0.2089,0.1902,0.0003,A,0.4377
Lane01,R2,62,10000,3766,1583,2532,2113,6,0.3766,0.1583,0.2532,0.2113,0.0006,A,0.3766
Lane01,R2,63,10000,4026,1707,1909,2356,2,0.4026,0.1707,0.1909,0.2356,0.0002,A,0.4026
Lane01,R2,64,10000,3567,1674,2649,2076,34,0.3567,0.1674,0.2649,0.2076,0.0034,A,0.3567
Lane01,R2,65,10000,3629,1636,2133,2597,5,0.3629,0.1636,0.2133,0.2597,0.0005,A,0.3629
Lane01,R2,66,10000,4159,1554,2262,2016,9,0.4159,0.1554,0.2262,0.2016,0.0009,A,0.4159
Lane01,R2,67,10000,4186,1677,2004,2123,10,0.4186,0.1677,0.2004,0.2123,0.001,A,0.4186
Lane01,R2,68,10000,4323,1619,2120,1929,9,0.4323,0.1619,0.212,0.1929,0.0009,A,0.4323
Lane01,R2,69,10000,3859,1983,2193,1917,48,0.3859,0.1983,0.2193,0.1917,0.0048,A,0.3859
Lane01,R2,70,10000,4123,1623,2094,2114,46,0.4123,0.1623,0.2094,0.2114,0.0046,A,0.4123
Lane01,R2,71,10000,3745,1716,2006,2527,6,0.3745,0.1716,0.2006,0.2527,0.0006,A,0.3745
Lane01,R2,72,10000,3720,2006,2258,1973,43,0.372,0.2006,0.2258,0.1973,0.0043,A,0.372
Lane01,R2,73,10000,3609,1635,2483,2226,47,0.3609,0.1635,0.2483,0.2226,0.0047,A,0.3609
Lane01,R2,74,10000,3525,1897,2569,1962,47,0.3525,0.1897,0.2569,0.1962,0.0047,A,0.3525
Lane01,R2,75,10000,3621,1530,2200,2474,175,0.3621,0.153,0.22,0.2474,0.0175,A,0.3621
Lane01,R2,76,10000,3677,1558,2597,2127,41,0.3677,0.1558,0.2597,0.2127,0.0041,A,0.3677
Lane01,R2,77,10000,3940,1517,1999,2510,34,0.394,0.1517,0.1999,0.251,0.0034,A,0.394
Lane01,R2,78,10000,4183,1538,1885,2382,12,0.4183,0.1538,0.1885,0.2382,0.0012,A,0.4183
Lane01,R2,79,10000,3618,1673,2495,2038,176,0.3618,0.1673,0.2495,0.2038,0.0176,A,0.3618
Lane01,R2,80,10000,4333,1424,2072,2128,43,0.4333,0.1424,0.2072,0.2128,0.0043,A,0.4333
Lane01,R2,81,10000,3866,1445,2399,2275,15,0.3866,0.1445,0.2399,0.2275,0.0015,A,0.3866
Lane01,R2,82,10000,4064,1924,2070,1931,11,0.4064,0.1924,0.207,0.1931,0.0011,A,0.4064
Lane01,R2,83,10000,4002,1478,2022,2312,186,0.4002,0.1478,0.2022,0.2312,0.0186,A,0.4002
Lane01,R2,84,10000,3829,1950,2306,1870,45,0.3829,0.195,0.2306,0.187,0.0045,A,0.3829
Lane01,R2,85,10000,4041,1457,2240,2065,197,0.4041,0.1457,0.224,0.2065,0.0197,A,0.4041
Lane01,R2,86,10000,3727,1558,2608,1925,182,0.3727,0.1558,0.2608,0.1925,0.0182,A,0.3727
Lane01,R2,87,10000,3886,1712,1953,2265,184,0.3886,0.1712,0.1953,0.2265,0.0184,A,0.3886
Lane01,R2,88,10000,3726,1427,2767,1863,217,0.3726,0.1427,0.2767,0.1863,0.0217,A,0.3726
Lane01,R2,89,10000,3669,1477,2402,2243,209,0.3669,0.1477,0.2402,0.2243,0.0209,A,0.3669
Lane01,R2,90,10000,3718,1575,2145,2332,230,0.3718,0.1575,0.2145,0.2332,0.023,A,0.3718
Lane01,R2,91,10000,3704,1683,2271,2087,255,0.3704,0.1683,0.2271,0.2087,0.0255,A,0.3704
Lane01,R2,92,10000,4052,1426,2267,2170,85,0.4052,0.1426,0.2267,0.217,0.0085,A,0.4052
Lane01,R2,93,10000,3826,1926,2002,1966,280,0.3826,0.1926,0.2002,0.1966,0.028,A,0.3826
Lane01,R2,94,10000,3820,1867,2081,1968,264,0.382,0.1867,0.2081,0.1968,0.0264,A,0.382
Lane01,R2,95,10000,4220,1536,2213,1933,98,0.422,0.1536,0.2213,0.1933,0.0098,A,0.422
Lane01,R2,96,10000,4113,1411,2113,2291,72,0.4113,0.1411,0.2113,0.2291,0.0072,A,0.4113
Lane01,R2,97,10000,4366,1539,2035,2044,16,0.4366,0.1539,0.2035,0.2044,0.0016,A,0.4366
Lane01,R2,98,10000,3902,1448,1965,2379,306,0.3902,0.1448,0.1965,0.2379,0.0306,A,0.3902
Lane01,R2,99,10000,3856,1850,2039,1918,337,0.3856,0.185,0.2039,0.1918,0.0337,A,0.3856
Lane01,R2,100,10000,4345,1418,1966,2003,268,0.4345,0.1418,0.1966,0.2003,0.0268,A,0.4345
Lane02,R1,1,10000,2522,2229,2528,2721,0,0.2522,0.2229,0.2528,0.2721,0.0,T,0.2721
Lane02,R1,2,10000,2485,2160,2538,2817,0,0.2485,0.216,0.2538,0.2817,0.0,T,0.2817
Lane02,R1,3,10000,2482,2297,2513,2708,0,0.2482,0.2297,0.2513,0.2708,0.0,T,0.2708
Lane02,R1,4,10000,2799,2379,2061,2761,0,0.2799,0.2379,0.2061,0.2761,0.0,A,0.2799
Lane02,R1,5,10000,6347,1643,417,1593,0,0.6347,0.1643,0.0417,0.1593,0.0,A,0.6347
Lane02,R1,6,10000,2397,2217,2502,2884,0,0.2397,0.2217,0.2502,0.2884,0.0,T,0.2884
Lane02,R1,7,10000,2400,2153,2531,2916,0,0.24,0.2153,0.2531,0.2916,0.0,T,0.2916
Lane02,R1,8,10000,2505,2151,2524,2820,0,0.2505,0.2151,0.2524,0.282,0.0,T,0.282
Lane02,R1,9,10000,2450,2219,2500,2831,0,0.245,0.2219,0.25,0.2831,0.0,T,0.2831
Lane02,R1,10,10000,2475,2188,2469,2868,0,0.2475,0.2188,0.2469,0.2868,0.0,T,0.2868
Lane02,R1,11,10000,2457,2142,2582,2819,0,0.2457,0.2142,0.2582,0.2819,0.0,T,0.2819
Lane02,R1,12,10000,2451,2157,2481,2911,0,0.2451,0.2157,0.2481,0.2911,0.0,T,0.2911
Lane02,R1,13,10000,2459,2090,2496,2955,0,0.2459,0.209,0.2496,0.2955,0.0,T,0.2955
Lane02,R1,14,10000,2428,2264,2450,2858,0,0.2428,0.2264,0.245,0.2858,0.0,T,0.2858
Lane02,R1,15,10000,2441,2246,2497,2816,0,0.2441,0.2246,0.2497,0.2816,0.0,T,0.2816
Lane02,R1,16,10000,2466,2246,2487,2801,0,0.2466,0.2246,0.2487,0.2801,0.0,T,0.2801
Lane02,R1,17,10000,2455,2260,2456,2829,0,0.2455,0.226,0.2456,0.2829,0.0,T,0.2829
Lane02,R1,18,10000,2450,2230,2426,2894,0,0.245,0.223,0.2426,0.2894,0.0,T,0.2894
Lane02,R1,19,10000,2490,2122,2521,2867,0,0.249,0.2122,0.2521,0.2867,0.0,T,0.2867
Lane02,R1,20,10000,2511,2215,2509,2765,0,0.2511,0.2215,0.2509,0.2765,0.0,T,0.2765
Lane02,R1,21,10000,2557,2129,2467,2845,2,0.2557,0.2129,0.2467,0.2845,0.0002,T,0.2845
Lane02,R1,22,10000,2463,2238,2431,2868,0,0.2463,0.2238,0.2431,0.2868,0.0,T,0.2868
Lane02,R1,23,10000,2543,2263,2360,2834,0,0.2543,0.2263,0.236,0.2834,0.0,T,0.2834
Lane02,R1,24,10000,2475,2282,2457,2786,0,0.2475,0.2282,0.2457,0.2786,0.0,T,0.2786
Lane02,R1,25,10000,2558,2291,2365,2786,0,0.2558,0.2291,0.2365,0.2786,0.0,T,0.2786
Lane02,R1,26,10000,2524,2209,2398,2869,0,0.2524,0.2209,0.2398,0.2869,0.0,T,0.2869
Lane02,R1,27,10000,2488,2376,2346,2790,0,0.2488,0.2376,0.2346,0.279,0.0,T,0.279
Lane02,R1,28,10000,2527,2328,2342,2803,0,0.2527,0.2328,0.2342,0.2803,0.0,T,0.2803
Lane02,R1,29,10000,2525,2500,2267,2707,1,0.2525,0.25,0.2267,0.2707,0.0001,T,0.2707
Lane02,R1,30,10000,2370,2792,2118,2719,1,0.237,0.2792,0.2118,0.2719,0.0001,C,0.2792
Lane02,R1,31,10000,383,8622,426,568,1,0.0383,0.8622,0.0426,0.0568,0.0001,C,0.8622
Lane02,R1,32,10000,448,8412,448,691,1,0.0448,0.8412,0.0448,0.0691,0.0001,C,0.8412
Lane02,R1,33,10000,439,8003,724,833,1,0.0439,0.8003,0.0724,0.0833,0.0001,C,0.8003
Lane02,R1,34,10000,420,743,7298,1539,0,0.042,0.0743,0.7298,0.1539,0.0,G,0.7298
Lane02,R1,35,10000,519,978,906,7595,2,0.0519,0.0978,0.0906,0.7595,0.0002,T,0.7595
Lane02,R1,36,10000,476,1189,519,7816,0,0.0476,0.1189,0.0519,0.7816,0.0,T,0.7816
Lane02,R1,37,10000,684,7753,925,638,0,0.0684,0.7753,0.0925,0.0638,0.0,C,0.7753
Lane02,R1,38,10000,760,1259,6822,1159,0,0.076,0.1259,0.6822,0.1159,0.0,G,0.6822
Lane02,R1,39,10000,1174,7633,528,664,1,0.1174,0.7633,0.0528,0.0664,0.0001,C,0.7633
Lane02,R1,40,10000,7585,786,337,1289,3,0.7585,0.0786,0.0337,0.1289,0.0003,A,0.7585
Lane02,R1,41,10000,7198,1182,376,1244,0,0.7198,0.1182,0.0376,0.1244,0.0,A,0.7198
Lane02,R1,42,10000,1580,7009,435,976,0,0.158,0.7009,0.0435,0.0976,0.0,C,0.7009
Lane02,R1,43,10000,6922,773,632,1673,0,0.6922,0.0773,0.0632,0.1673,0.0,A,0.6922
Lane02,R1,44,10000,1187,673,926,7214,0,0.1187,0.0673,0.0926,0.7214,0.0,T,0.7214
Lane02,R1,45,10000,546,1363,6856,1235,0,0.0546,0.1363,0.6856,0.1235,0.0,G,0.6856
Lane02,R1,46,10000,1158,1235,554,7053,0,0.1158,0.1235,0.0554,0.7053,0.0,T,0.7053
Lane02,R1,47,10000,569,7491,779,1160,1,0.0569,0.7491,0.0779,0.116,0.0001,C,0.7491
Lane02,R1,48,10000,1176,853,1208,6763,0,0.1176,0.0853,0.1208,0.6763,0.0,T,0.6763
Lane02,R1,49,10000,584,1057,7053,1304,2,0.0584,0.1057,0.7053,0.1304,0.0002,G,0.7053
Lane02,R1,50,10000,763,1716,6743,772,6,0.0763,0.1716,0.6743,0.0772,0.0006,G,0.6743
Lane02,R1,51,10000,565,6730,1054,1651,0,0.0565,0.673,0.1054,0.1651,0.0,C,0.673
Lane02,R1,52,10000,702,1640,6485,1172,1,0.0702,0.164,0.6485,0.1172,0.0001,G,0.6485
Lane02,R1,53,10000,802,1764,561,6873,0,0.0802,0.1764,0.0561,0.6873,0.0,T,0.6873
Lane02,R1,54,10000,1184,6656,1070,1088,2,0.1184,0.6656,0.107,0.1088,0.0002,C,0.6656
Lane02,R1,55,10000,7115,819,610,1456,0,0.7115,0.0819,0.061,0.1456,0.0,A,0.7115
Lane02,R1,56,10000,1194,752,1163,6889,2,0.1194,0.0752,0.1163,0.6889,0.0002,T,0.6889
Lane02,R1,57,10000,6289,1470,890,1351,0,0.6289,0.147,0.089,0.1351,0.0,A,0.6289
Lane02,R1,58,10000,683,1766,626,6925,0,0.0683,0.1766,0.0626,0.6925,0.0,T,0.6925
Lane02,R1,59,10000,767,7021,587,1625,0,0.0767,0.7021,0.0587,0.1625,0.0,C,0.7021
Lane02,R1,60,10000,1206,1094,756,6944,0,0.1206,0.1094,0.0756,0.6944,0.0,T,0.6944
Lane02,R1,61,10000,724,1384,1314,6576,2,0.0724,0.1384,0.1314,0.6576,0.0002,T,0.6576
Lane02,R1,62,10000,805,858,6857,1478,2,0.0805,0.0858,0.6857,0.1478,0.0002,G,0.6857
Lane02,R1,63,10000,1438,1146,1261,6155,0,0.1438,0.1146,0.1261,0.6155,0.0,T,0.6155
Lane02,R1,64,10000,1161,1028,6471,1340,0,0.1161,0.1028,0.6471,0.134,0.0,G,0.6471
Lane02,R1,65,10000,6562,1613,678,1145,2,0.6562,0.1613,0.0678,0.1145,0.0002,A,0.6562
Lane02,R1,66,10000,962,6594,718,1725,1,0.0962,0.6594,0.0718,0.1725,0.0001,C,0.6594
Lane02,R1,67,10000,1757,1449,603,6191,0,0.1757,0.1449,0.0603,0.6191,0.0,T,0.6191
Lane02,R1,68,10000,6059,1576,1131,1233,1,0.6059,0.1576,0.1131,0.1233,0.0001,A,0.6059
Lane02,R1,69,10000,1348,6019,1039,1594,0,0.1348,0.6019,0.1039,0.1594,0.0,C,0.6019
Lane02,R1,70,10000,5924,1223,1686,1166,1,0.5924,0.1223,0.1686,0.1166,0.0001,A,0.5924
Lane02,R1,71,10000,893,1731,6105,1246,25,0.0893,0.1731,0.6105,0.1246,0.0025,G,0.6105
Lane02,R1,72,10000,1472,6357,791,1380,0,0.1472,0.6357,0.0791,0.138,0.0,C,0.6357
Lane02,R1,73,10000,5675,2557,589,1179,0,0.5675,0.2557,0.0589,0.1179,0.0,A,0.5675
Lane02,R1,74,10000,1583,6631,634,1152,0,0.1583,0.6631,0.0634,0.1152,0.0,C,0.6631
Lane02,R1,75,10000,1395,6469,699,1436,1,0.1395,0.6469,0.0699,0.1436,0.0001,C,0.6469
Lane02,R1,76,10000,1130,5969,687,2214,0,0.113,0.5969,0.0687,0.2214,0.0,C,0.5969
Lane02,R1,77,10000,976,2164,1069,5791,0,0.0976,0.2164,0.1069,0.5791,0.0,T,0.5791
Lane02,R1,78,10000,1265,5679,1169,1884,3,0.1265,0.5679,0.1169,0.1884,0.0003,C,0.5679
Lane02,R1,79,10000,1410,2151,5263,1176,0,0.141,0.2151,0.5263,0.1176,0.0,G,0.5263
Lane02,R1,80,10000,5476,1717,1293,1512,2,0.5476,0.1717,0.1293,0.1512,0.0002,A,0.5476
Lane02,R1,81,10000,1190,6055,656,2098,1,0.119,0.6055,0.0656,0.2098,0.0001,C,0.6055
Lane02,R1,82,10000,1518,1765,977,5740,0,0.1518,0.1765,0.0977,0.574,0.0,T,0.574
Lane02,R1,83,10000,1123,5652,771,2453,1,0.1123,0.5652,0.0771,0.2453,0.0001,C,0.5652
Lane02,R1,84,10000,1290,1789,1634,5287,0,0.129,0.1789,0.1634,0.5287,0.0,T,0.5287
Lane02,R1,85,10000,1219,5966,1389,1425,1,0.1219,0.5966,0.1389,0.1425,0.0001,C,0.5966
Lane02,R1,86,10000,1368,2267,5186,1177,2,0.1368,0.2267,0.5186,0.1177,0.0002,G,0.5186
Lane02,R1,87,10000,1370,5905,1417,1306,2,0.137,0.5905,0.1417,0.1306,0.0002,C,0.5905
Lane02,R1,88,10000,2822,2347,2234,2596,1,0.2822,0.2347,0.2234,0.2596,0.0001,A,0.2822
Lane02,R1,89,10000,2885,3007,2022,2085,1,0.2885,0.3007,0.2022,0.2085,0.0001,C,0.3007
Lane02,R1,90,10000,2833,2255,2106,2806,0,0.2833,0.2255,0.2106,0.2806,0.0,A,0.2833
Lane02,R1,91,10000,2915,2411,1812,2860,2,0.2915,0.2411,0.1812,0.286,0.0002,A,0.2915
Lane02,R1,92,10000,2617,3066,1921,2395,1,0.2617,0.3066,0.1921,0.2395,0.0001,C,0.3066
Lane02,R1,93,10000,2801,2312,1923,2964,0,0.2801,0.2312,0.1923,0.2964,0.0,T,0.2964
Lane02,R1,94,10000,2510,2893,2557,2040,0,0.251,0.2893,0.2557,0.204,0.0,C,0.2893
Lane02,R1,95,10000,3031,2769,1955,2242,3,0.3031,0.2769,0.1955,0.2242,0.0003,A,0.3031
Lane02,R1,96,10000,2463,2600,2187,2749,1,0.2463,0.26,0.2187,0.2749,0.0001,T,0.2749
Lane02,R1,97,10000,2733,2173,1878,3215,1,0.2733,0.2173,0.1878,0.3215,0.0001,T,0.3215
Lane02,R1,98,10000,1480,1190,1586,5741,3,0.148,0.119,0.1586,0.5741,0.0003,T,0.5741
Lane02,R1,99,10000,1870,1407,1001,5712,10,0.187,0.1407,0.1001,0.5712,0.001,T,0.5712
Lane02,R1,100,10000,2120,1326,1007,5545,2,0.212,0.1326,0.1007,0.5545,0.0002,T,0.5545
Lane02,R2,1,10000,2112,2525,4533,830,0,0.2112,0.2525,0.4533,0.083,0.0,G,0.4533
Lane02,R2,2,10000,1991,1891,2287,3831,0,0.1991,0.1891,0.2287,0.3831,0.0,T,0.3831
Lane02,R2,3,10000,2532,2543,2029,2896,0,0.2532,0.2543,0.2029,0.2896,0.0,T,0.2896
Lane02,R2,4,10000,1785,3148,1609,3458,0,0.1785,0.3148,0.1609,0.3458,0.0,T,0.3458
Lane02,R2,5,10000,3447,1545,1262,3746,0,0.3447,0.1545,0.1262,0.3746,0.0,T,0.3746
Lane02,R2,6,10000,3569,1647,3112,1672,0,0.3569,0.1647,0.3112,0.1672,0.0,A,0.3569
Lane02,R2,7,10000,3368,1623,2388,2621,0,0.3368,0.1623,0.2388,0.2621,0.0,A,0.3368
Lane02,R2,8,10000,3487,1617,2293,2603,0,0.3487,0.1617,0.2293,0.2603,0.0,A,0.3487
Lane02,R2,9,10000,1762,3663,2725,1846,4,0.1762,0.3663,0.2725,0.1846,0.0004,C,0.3663
Lane02,R2,10,10000,2778,2355,1475,3391,1,0.2778,0.2355,0.1475,0.3391,0.0001,T,0.3391
Lane02,R2,11,10000,2470,2134,3304,2092,0,0.247,0.2134,0.3304,0.2092,0.0,G,0.3304
Lane02,R2,12,10000,3321,1890,2078,2711,0,0.3321,0.189,0.2078,0.2711,0.0,A,0.3321
Lane02,R2,13,10000,2667,2228,2534,2571,0,0.2667,0.2228,0.2534,0.2571,0.0,A,0.2667
Lane02,R2,14,10000,2525,2937,2205,2332,1,0.2525,0.2937,0.2205,0.2332,0.0001,C,0.2937
Lane02,R2,15,10000,3674,2005,2152,2168,1,0.3674,0.2005,0.2152,0.2168,0.0001,A,0.3674
Lane02,R2,16,10000,2976,2026,2704,2294,0,0.2976,0.2026,0.2704,0.2294,0.0,A,0.2976
Lane02,R2,17,10000,3640,1835,2244,2281,0,0.364,0.1835,0.2244,0.2281,0.0,A,0.364
Lane02,R2,18,10000,3071,2074,2074,2780,1,0.3071,0.2074,0.2074,0.278,0.0001,A,0.3071
Lane02,R2,19,10000,3401,1853,2315,2429,2,0.3401,0.1853,0.2315,0.2429,0.0002,A,0.3401
Lane02,R2,20,10000,3083,1971,2276,2668,2,0.3083,0.1971,0.2276,0.2668,0.0002,A,0.3083
Lane02,R2,21,10000,3028,2170,2586,2215,1,0.3028,0.217,0.2586,0.2215,0.0001,A,0.3028
Lane02,R2,22,10000,3477,1919,2313,2289,2,0.3477,0.1919,0.2313,0.2289,0.0002,A,0.3477
Lane02,R2,23,10000,3214,2249,2290,2246,1,0.3214,0.2249,0.229,0.2246,0.0001,A,0.3214
Lane02,R2,24,10000,3446,1772,2461,2320,1,0.3446,0.1772,0.2461,0.232,0.0001,A,0.3446
Lane02,R2,25,10000,3258,2298,2047,2394,3,0.3258,0.2298,0.2047,0.2394,0.0003,A,0.3258
Lane02,R2,26,10000,3304,1923,2373,2399,1,0.3304,0.1923,0.2373,0.2399,0.0001,A,0.3304
Lane02,R2,27,10000,3445,1998,2186,2368,3,0.3445,0.1998,0.2186,0.2368,0.0003,A,0.3445
Lane02,R2,28,10000,3212,1748,2639,2401,0,0.3212,0.1748,0.2639,0.2401,0.0,A,0.3212
Lane02,R2,29,10000,3602,1850,2246,2302,0,0.3602,0.185,0.2246,0.2302,0.0,A,0.3602
Lane02,R2,30,10000,3238,2101,2314,2344,3,0.3238,0.2101,0.2314,0.2344,0.0003,A,0.3238
Lane02,R2,31,10000,3528,1862,2370,2240,0,0.3528,0.1862,0.237,0.224,0.0,A,0.3528
Lane02,R2,32,10000,3566,1902,2172,2359,1,0.3566,0.1902,0.2172,0.2359,0.0001,A,0.3566
Lane02,R2,33,10000,3838,1905,2230,2027,0,0.3838,0.1905,0.223,0.2027,0.0,A,0.3838
Lane02,R2,34,10000,3430,1805,2492,2271,2,0.343,0.1805,0.2492,0.2271,0.0002,A,0.343
Lane02,R2,35,10000,4027,1700,2059,2214,0,0.4027,0.17,0.2059,0.2214,0.0,A,0.4027
Lane02,R2,36,10000,3577,1688,2298,2436,1,0.3577,0.1688,0.2298,0.2436,0.0001,A,0.3577
Lane02,R2,37,10000,3534,2409,1994,2061,2,0.3534,0.2409,0.1994,0.2061,0.0002,A,0.3534
Lane02,R2,38,10000,3626,1613,2672,2087,2,0.3626,0.1613,0.2672,0.2087,0.0002,A,0.3626
Lane02,R2,39,10000,3532,1829,2478,2160,1,0.3532,0.1829,0.2478,0.216,0.0001,A,0.3532
Lane02,R2,40,10000,4096,1667,2079,2157,1,0.4096,0.1667,0.2079,0.2157,0.0001,A,0.4096
Lane02,R2,41,10000,3910,1799,2132,2157,2,0.391,0.1799,0.2132,0.2157,0.0002,A,0.391
Lane02,R2,42,10000,3644,1610,2552,2193,1,0.3644,0.161,0.2552,0.2193,0.0001,A,0.3644
Lane02,R2,43,10000,4021,1645,2179,2151,4,0.4021,0.1645,0.2179,0.2151,0.0004,A,0.4021
Lane02,R2,44,10000,3461,1870,2654,2013,2,0.3461,0.187,0.2654,0.2013,0.0002,A,0.3461
Lane02,R2,45,10000,3698,2276,2019,2005,2,0.3698,0.2276,0.2019,0.2005,0.0002,A,0.3698
Lane02,R2,46,10000,3512,1851,2482,2149,6,0.3512,0.1851,0.2482,0.2149,0.0006,A,0.3512
Lane02,R2,47,10000,3565,1876,2050,2509,0,0.3565,0.1876,0.205,0.2509,0.0,A,0.3565
Lane02,R2,48,10000,3491,2238,2072,2196,3,0.3491,0.2238,0.2072,0.2196,0.0003,A,0.3491
Lane02,R2,49,10000,3435,1733,2731,2095,6,0.3435,0.1733,0.2731,0.2095,0.0006,A,0.3435
Lane02,R2,50,10000,3694,1681,2065,2557,3,0.3694,0.1681,0.2065,0.2557,0.0003,A,0.3694
Lane02,R2,51,10000,3547,1644,2688,2118,3,0.3547,0.1644,0.2688,0.2118,0.0003,A,0.3547
Lane02,R2,52,10000,3641,1716,2037,2604,2,0.3641,0.1716,0.2037,0.2604,0.0002,A,0.3641
Lane02,R2,53,10000,4150,1641,2096,2111,2,0.415,0.1641,0.2096,0.2111,0.0002,A,0.415
Lane02,R2,54,10000,3625,1600,2522,2252,1,0.3625,0.16,0.2522,0.2252,0.0001,A,0.3625
Lane02,R2,55,10000,3814,1663,2441,2080,2,0.3814,0.1663,0.2441,0.208,0.0002,A,0.3814
Lane02,R2,56,10000,3711,1611,2576,2100,2,0.3711,0.1611,0.2576,0.21,0.0002,A,0.3711
Lane02,R2,57,10000,4149,1667,2120,2062,2,0.4149,0.1667,0.212,0.2062,0.0002,A,0.4149
Lane02,R2,58,10000,4122,1657,2053,2164,4,0.4122,0.1657,0.2053,0.2164,0.0004,A,0.4122
Lane02,R2,59,10000,4280,1581,2140,1996,3,0.428,0.1581,0.214,0.1996,0.0003,A,0.428
Lane02,R2,60,10000,3793,1631,2463,2108,5,0.3793,0.1631,0.2463,0.2108,0.0005,A,0.3793
Lane02,R2,61,10000,4389,1561,2090,1956,4,0.4389,0.1561,0.209,0.1956,0.0004,A,0.4389
Lane02,R2,62,10000,3727,1570,2528,2174,1,0.3727,0.157,0.2528,0.2174,0.0001,A,0.3727
Lane02,R2,63,10000,3971,1700,1926,2396,7,0.3971,0.17,0.1926,0.2396,0.0007,A,0.3971
Lane02,R2,64,10000,3365,1656,2843,2135,1,0.3365,0.1656,0.2843,0.2135,0.0001,A,0.3365
Lane02,R2,65,10000,3692,1671,2020,2612,5,0.3692,0.1671,0.202,0.2612,0.0005,A,0.3692
Lane02,R2,66,10000,4020,1563,2268,2145,4,0.402,0.1563,0.2268,0.2145,0.0004,A,0.402
Lane02,R2,67,10000,4190,1654,1993,2152,11,0.419,0.1654,0.1993,0.2152,0.0011,A,0.419
Lane02,R2,68,10000,4260,1636,2113,1985,6,0.426,0.1636,0.2113,0.1985,0.0006,A,0.426
Lane02,R2,69,10000,3778,2023,2203,1983,13,0.3778,0.2023,0.2203,0.1983,0.0013,A,0.3778
Lane02,R2,70,10000,4228,1520,2073,2178,1,0.4228,0.152,0.2073,0.2178,0.0001,A,0.4228
Lane02,R2,71,10000,3683,1760,2056,2498,3,0.3683,0.176,0.2056,0.2498,0.0003,A,0.3683
Lane02,R2,72,10000,3715,2040,2220,2017,8,0.3715,0.204,0.222,0.2017,0.0008,A,0.3715
Lane02,R2,73,10000,3623,1638,2316,2413,10,0.3623,0.1638,0.2316,0.2413,0.001,A,0.3623
Lane02,R2,74,10000,3742,1685,2643,1920,10,0.3742,0.1685,0.2643,0.192,0.001,A,0.3742
Lane02,R2,75,10000,3729,1472,2260,2522,17,0.3729,0.1472,0.226,0.2522,0.0017,A,0.3729
Lane02,R2,76,10000,3692,1564,2596,2137,11,0.3692,0.1564,0.2596,0.2137,0.0011,A,0.3692
Lane02,R2,77,10000,3952,1492,2033,2514,9,0.3952,0.1492,0.2033,0.2514,0.0009,A,0.3952
Lane02,R2,78,10000,4008,1550,1925,2512,5,0.4008,0.155,0.1925,0.2512,0.0005,A,0.4008
Lane02,R2,79,10000,3760,1652,2517,2063,8,0.376,0.1652,0.2517,0.2063,0.0008,A,0.376
Lane02,R2,80,10000,4282,1441,2155,2117,5,0.4282,0.1441,0.2155,0.2117,0.0005,A,0.4282
Lane02,R2,81,10000,3809,1435,2381,2368,7,0.3809,0.1435,0.2381,0.2368,0.0007,A,0.3809
Lane02,R2,82,10000,3997,2043,1943,2002,15,0.3997,0.2043,0.1943,0.2002,0.0015,A,0.3997
Lane02,R2,83,10000,4109,1454,2074,2352,11,0.4109,0.1454,0.2074,0.2352,0.0011,A,0.4109
Lane02,R2,84,10000,3843,2014,2298,1834,11,0.3843,0.2014,0.2298,0.1834,0.0011,A,0.3843
Lane02,R2,85,10000,3986,1475,2266,2265,8,0.3986,0.1475,0.2266,0.2265,0.0008,A,0.3986
Lane02,R2,86,10000,3619,1576,2701,2096,8,0.3619,0.1576,0.2701,0.2096,0.0008,A,0.3619
Lane02,R2,87,10000,4039,1696,1908,2349,8,0.4039,0.1696,0.1908,0.2349,0.0008,A,0.4039
Lane02,R2,88,10000,3737,1410,2848,1978,27,0.3737,0.141,0.2848,0.1978,0.0027,A,0.3737
Lane02,R2,89,10000,3769,1438,2418,2215,160,0.3769,0.1438,0.2418,0.2215,0.016,A,0.3769
Lane02,R2,90,10000,3867,1493,2205,2426,9,0.3867,0.1493,0.2205,0.2426,0.0009,A,0.3867
Lane02,R2,91,10000,3709,1780,2232,2255,24,0.3709,0.178,0.2232,0.2255,0.0024,A,0.3709
Lane02,R2,92,10000,3994,1456,2357,2176,17,0.3994,0.1456,0.2357,0.2176,0.0017,A,0.3994
Lane02,R2,93,10000,3781,1926,2087,2188,18,0.3781,0.1926,0.2087,0.2188,0.0018,A,0.3781
Lane02,R2,94,10000,3963,1908,2132,1976,21,0.3963,0.1908,0.2132,0.1976,0.0021,A,0.3963
Lane02,R2,95,10000,4181,1541,2305,1952,21,0.4181,0.1541,0.2305,0.1952,0.0021,A,0.4181
Lane02,R2,96,10000,3971,1427,2099,2474,29,0.3971,0.1427,0.2099,0.2474,0.0029,A,0.3971
Lane02,R2,97,10000,4289,1524,2023,2156,8,0.4289,0.1524,0.2023,0.2156,0.0008,A,0.4289
Lane02,R2,98,10000,4106,1464,2018,2403,9,0.4106,0.1464,0.2018,0.2403,0.0009,A,0.4106
Lane02,R2,99,10000,4042,1886,2051,1996,25,0.4042,0.1886,0.2051,0.1996,0.0025,A,0.4042
Lane02,R2,100,10000,4498,1345,2056,2088,13,0.4498,0.1345,0.2056,0.2088,0.0013,A,0.4498
Lane03,R1,1,10000,2491,2217,2549,2742,1,0.2491,0.2217,0.2549,0.2742,0.0001,T,0.2742
Lane03,R1,2,10000,2425,2114,2636,2825,0,0.2425,0.2114,0.2636,0.2825,0.0,T,0.2825
Lane03,R1,3,10000,2347,2489,2239,2925,0,0.2347,0.2489,0.2239,0.2925,0.0,T,0.2925
Lane03,R1,4,10000,6472,725,580,2223,0,0.6472,0.0725,0.058,0.2223,0.0,A,0.6472
Lane03,R1,5,10000,3756,1674,1881,2689,0,0.3756,0.1674,0.1881,0.2689,0.0,A,0.3756
Lane03,R1,6,10000,2580,2184,2497,2739,0,0.258,0.2184,0.2497,0.2739,0.0,T,0.2739
Lane03,R1,7,10000,2473,2125,2518,2884,0,0.2473,0.2125,0.2518,0.2884,0.0,T,0.2884
Lane03,R1,8,10000,2476,2119,2569,2836,0,0.2476,0.2119,0.2569,0.2836,0.0,T,0.2836
Lane03,R1,9,10000,2408,2190,2499,2903,0,0.2408,0.219,0.2499,0.2903,0.0,T,0.2903
Lane03,R1,10,10000,2440,2200,2515,2845,0,0.244,0.22,0.2515,0.2845,0.0,T,0.2845
Lane03,R1,11,10000,2436,2167,2527,2870,0,0.2436,0.2167,0.2527,0.287,0.0,T,0.287
Lane03,R1,12,10000,2484,2136,2525,2855,0,0.2484,0.2136,0.2525,0.2855,0.0,T,0.2855
Lane03,R1,13,10000,2534,2155,2378,2933,0,0.2534,0.2155,0.2378,0.2933,0.0,T,0.2933
Lane03,R1,14,10000,2404,2318,2415,2863,0,0.2404,0.2318,0.2415,0.2863,0.0,T,0.2863
Lane03,R1,15,10000,2451,2162,2421,2966,0,0.2451,0.2162,0.2421,0.2966,0.0,T,0.2966
Lane03,R1,16,10000,2429,2215,2435,2921,0,0.2429,0.2215,0.2435,0.2921,0.0,T,0.2921
Lane03,R1,17,10000,2498,2108,2450,2944,0,0.2498,0.2108,0.245,0.2944,0.0,T,0.2944
Lane03,R1,18,10000,2418,2236,2443,2903,0,0.2418,0.2236,0.2443,0.2903,0.0,T,0.2903
Lane03,R1,19,10000,2575,2164,2459,2802,0,0.2575,0.2164,0.2459,0.2802,0.0,T,0.2802
Lane03,R1,20,10000,2542,2190,2408,2860,0,0.2542,0.219,0.2408,0.286,0.0,T,0.286
Lane03,R1,21,10000,2545,2225,2385,2844,1,0.2545,0.2225,0.2385,0.2844,0.0001,T,0.2844
Lane03,R1,22,10000,2465,2263,2407,2865,0,0.2465,0.2263,0.2407,0.2865,0.0,T,0.2865
Lane03,R1,23,10000,2583,2155,2434,2828,0,0.2583,0.2155,0.2434,0.2828,0.0,T,0.2828
Lane03,R1,24,10000,2401,2320,2469,2810,0,0.2401,0.232,0.2469,0.281,0.0,T,0.281
Lane03,R1,25,10000,2541,2294,2374,2791,0,0.2541,0.2294,0.2374,0.2791,0.0,T,0.2791
Lane03,R1,26,10000,2423,2232,2381,2964,0,0.2423,0.2232,0.2381,0.2964,0.0,T,0.2964
Lane03,R1,27,10000,2504,2337,2290,2869,0,0.2504,0.2337,0.229,0.2869,0.0,T,0.2869
Lane03,R1,28,10000,2553,2319,2285,2843,0,0.2553,0.2319,0.2285,0.2843,0.0,T,0.2843
Lane03,R1,29,10000,2486,2382,2268,2864,0,0.2486,0.2382,0.2268,0.2864,0.0,T,0.2864
Lane03,R1,30,10000,2528,2701,2060,2711,0,0.2528,0.2701,0.206,0.2711,0.0,T,0.2711
Lane03,R1,31,10000,379,8645,415,560,1,0.0379,0.8645,0.0415,0.056,0.0001,C,0.8645
Lane03,R1,32,10000,432,8541,378,649,0,0.0432,0.8541,0.0378,0.0649,0.0,C,0.8541
Lane03,R1,33,10000,429,8139,717,714,1,0.0429,0.8139,0.0717,0.0714,0.0001,C,0.8139
Lane03,R1,34,10000,418,696,7349,1537,0,0.0418,0.0696,0.7349,0.1537,0.0,G,0.7349
Lane03,R1,35,10000,468,878,963,7690,1,0.0468,0.0878,0.0963,0.769,0.0001,T,0.769
Lane03,R1,36,10000,525,1169,446,7860,0,0.0525,0.1169,0.0446,0.786,0.0,T,0.786
Lane03,R1,37,10000,644,7803,917,636,0,0.0644,0.7803,0.0917,0.0636,0.0,C,0.7803
Lane03,R1,38,10000,741,1172,6927,1160,0,0.0741,0.1172,0.6927,0.116,0.0,G,0.6927
Lane03,R1,39,10000,1072,7785,472,671,0,0.1072,0.7785,0.0472,0.0671,0.0,C,0.7785
Lane03,R1,40,10000,7698,708,333,1260,1,0.7698,0.0708,0.0333,0.126,0.0001,A,0.7698
Lane03,R1,41,10000,7249,1147,401,1203,0,0.7249,0.1147,0.0401,0.1203,0.0,A,0.7249
Lane03,R1,42,10000,1599,7105,390,906,0,0.1599,0.7105,0.039,0.0906,0.0,C,0.7105
Lane03,R1,43,10000,7052,664,580,1704,0,0.7052,0.0664,0.058,0.1704,0.0,A,0.7052
Lane03,R1,44,10000,1196,655,958,7191,0,0.1196,0.0655,0.0958,0.7191,0.0,T,0.7191
Lane03,R1,45,10000,565,1268,6971,1193,3,0.0565,0.1268,0.6971,0.1193,0.0003,G,0.6971
Lane03,R1,46,10000,1123,1210,552,7115,0,0.1123,0.121,0.0552,0.7115,0.0,T,0.7115
Lane03,R1,47,10000,613,7596,705,1086,0,0.0613,0.7596,0.0705,0.1086,0.0,C,0.7596
Lane03,R1,48,10000,1170,785,1142,6903,0,0.117,0.0785,0.1142,0.6903,0.0,T,0.6903
Lane03,R1,49,10000,543,963,7211,1283,0,0.0543,0.0963,0.7211,0.1283,0.0,G,0.7211
Lane03,R1,50,10000,672,1712,6858,758,0,0.0672,0.1712,0.6858,0.0758,0.0,G,0.6858
Lane03,R1,51,10000,585,6830,980,1605,0,0.0585,0.683,0.098,0.1605,0.0,C,0.683
Lane03,R1,52,10000,670,1575,6625,1130,0,0.067,0.1575,0.6625,0.113,0.0,G,0.6625
Lane03,R1,53,10000,753,1724,563,6960,0,0.0753,0.1724,0.0563,0.696,0.0,T,0.696
Lane03,R1,54,10000,1176,6749,1056,1017,2,0.1176,0.6749,0.1056,0.1017,0.0002,C,0.6749
Lane03,R1,55,10000,7289,760,605,1346,0,0.7289,0.076,0.0605,0.1346,0.0,A,0.7289
Lane03,R1,56,10000,1161,713,1183,6943,0,0.1161,0.0713,0.1183,0.6943,0.0,T,0.6943
Lane03,R1,57,10000,6400,1482,802,1315,1,0.64,0.1482,0.0802,0.1315,0.0001,A,0.64
Lane03,R1,58,10000,609,1833,621,6933,4,0.0609,0.1833,0.0621,0.6933,0.0004,T,0.6933
Lane03,R1,59,10000,714,7176,569,1541,0,0.0714,0.7176,0.0569,0.1541,0.0,C,0.7176
Lane03,R1,60,10000,1129,1061,719,7090,1,0.1129,0.1061,0.0719,0.709,0.0001,T,0.709
Lane03,R1,61,10000,738,1290,1386,6586,0,0.0738,0.129,0.1386,0.6586,0.0,T,0.6586
Lane03,R1,62,10000,815,791,6922,1470,2,0.0815,0.0791,0.6922,0.147,0.0002,G,0.6922
Lane03,R1,63,10000,1421,1084,1232,6263,0,0.1421,0.1084,0.1232,0.6263,0.0,T,0.6263
Lane03,R1,64,10000,1221,978,6584,1217,0,0.1221,0.0978,0.6584,0.1217,0.0,G,0.6584
Lane03,R1,65,10000,6625,1703,607,1063,2,0.6625,0.1703,0.0607,0.1063,0.0002,A,0.6625
Lane03,R1,66,10000,970,6696,602,1732,0,0.097,0.6696,0.0602,0.1732,0.0,C,0.6696
Lane03,R1,67,10000,1739,1319,654,6288,0,0.1739,0.1319,0.0654,0.6288,0.0,T,0.6288
Lane03,R1,68,10000,6267,1499,1101,1132,1,0.6267,0.1499,0.1101,0.1132,0.0001,A,0.6267
Lane03,R1,69,10000,1311,6076,956,1657,0,0.1311,0.6076,0.0956,0.1657,0.0,C,0.6076
Lane03,R1,70,10000,6066,1111,1751,1072,0,0.6066,0.1111,0.1751,0.1072,0.0,A,0.6066
Lane03,R1,71,10000,885,1680,6235,1198,2,0.0885,0.168,0.6235,0.1198,0.0002,G,0.6235
Lane03,R1,72,10000,1477,6435,685,1403,0,0.1477,0.6435,0.0685,0.1403,0.0,C,0.6435
Lane03,R1,73,10000,5821,2550,563,1065,1,0.5821,0.255,0.0563,0.1065,0.0001,A,0.5821
Lane03,R1,74,10000,1601,6701,627,1069,2,0.1601,0.6701,0.0627,0.1069,0.0002,C,0.6701
Lane03,R1,75,10000,1454,6490,688,1364,4,0.1454,0.649,0.0688,0.1364,0.0004,C,0.649
Lane03,R1,76,10000,1112,6100,625,2161,2,0.1112,0.61,0.0625,0.2161,0.0002,C,0.61
Lane03,R1,77,10000,945,2112,1002,5941,0,0.0945,0.2112,0.1002,0.5941,0.0,T,0.5941
Lane03,R1,78,10000,1198,5835,1116,1848,3,0.1198,0.5835,0.1116,0.1848,0.0003,C,0.5835
Lane03,R1,79,10000,1410,2182,5313,1094,1,0.141,0.2182,0.5313,0.1094,0.0001,G,0.5313
Lane03,R1,80,10000,5600,1620,1342,1437,1,0.56,0.162,0.1342,0.1437,0.0001,A,0.56
Lane03,R1,81,10000,1226,6037,670,2067,0,0.1226,0.6037,0.067,0.2067,0.0,C,0.6037
Lane03,R1,82,10000,1492,1676,978,5854,0,0.1492,0.1676,0.0978,0.5854,0.0,T,0.5854
Lane03,R1,83,10000,1107,5800,738,2354,1,0.1107,0.58,0.0738,0.2354,0.0001,C,0.58
Lane03,R1,84,10000,1145,1779,1578,5498,0,0.1145,0.1779,0.1578,0.5498,0.0,T,0.5498
Lane03,R1,85,10000,1160,6269,1298,1272,1,0.116,0.6269,0.1298,0.1272,0.0001,C,0.6269
Lane03,R1,86,10000,1431,2192,5277,1100,0,0.1431,0.2192,0.5277,0.11,0.0,G,0.5277
Lane03,R1,87,10000,1360,6012,1354,1272,2,0.136,0.6012,0.1354,0.1272,0.0002,C,0.6012
Lane03,R1,88,10000,2827,2241,2324,2606,2,0.2827,0.2241,0.2324,0.2606,0.0002,A,0.2827
Lane03,R1,89,10000,2887,2985,1951,2173,4,0.2887,0.2985,0.1951,0.2173,0.0004,C,0.2985
Lane03,R1,90,10000,2789,2289,2125,2795,2,0.2789,0.2289,0.2125,0.2795,0.0002,T,0.2795
Lane03,R1,91,10000,3019,2355,1889,2734,3,0.3019,0.2355,0.1889,0.2734,0.0003,A,0.3019
Lane03,R1,92,10000,2601,3166,1978,2253,2,0.2601,0.3166,0.1978,0.2253,0.0002,C,0.3166
Lane03,R1,93,10000,2785,2382,1779,3052,2,0.2785,0.2382,0.1779,0.3052,0.0002,T,0.3052
Lane03,R1,94,10000,2563,2804,2628,2004,1,0.2563,0.2804,0.2628,0.2004,0.0001,C,0.2804
Lane03,R1,95,10000,3170,2550,1994,2285,1,0.317,0.255,0.1994,0.2285,0.0001,A,0.317
Lane03,R1,96,10000,2450,2546,2237,2765,2,0.245,0.2546,0.2237,0.2765,0.0002,T,0.2765
Lane03,R1,97,10000,2567,2275,1870,3287,1,0.2567,0.2275,0.187,0.3287,0.0001,T,0.3287
Lane03,R1,98,10000,1400,1157,1509,5931,3,0.14,0.1157,0.1509,0.5931,0.0003,T,0.5931
Lane03,R1,99,10000,1781,1382,900,5929,8,0.1781,0.1382,0.09,0.5929,0.0008,T,0.5929
Lane03,R1,100,10000,2116,1214,951,5714,5,0.2116,0.1214,0.0951,0.5714,0.0005,T,0.5714
Lane03,R2,1,10000,2152,2731,4410,707,0,0.2152,0.2731,0.441,0.0707,0.0,G,0.441
Lane03,R2,2,10000,1946,1898,2233,3923,0,0.1946,0.1898,0.2233,0.3923,0.0,T,0.3923
Lane03,R2,3,10000,2563,2431,2043,2963,0,0.2563,0.2431,0.2043,0.2963,0.0,T,0.2963
Lane03,R2,4,10000,1653,3166,1559,3622,0,0.1653,0.3166,0.1559,0.3622,0.0,T,0.3622
Lane03,R2,5,10000,3476,1595,1248,3681,0,0.3476,0.1595,0.1248,0.3681,0.0,T,0.3681
Lane03,R2,6,10000,3695,1617,2940,1748,0,0.3695,0.1617,0.294,0.1748,0.0,A,0.3695
Lane03,R2,7,10000,3326,1680,2372,2622,0,0.3326,0.168,0.2372,0.2622,0.0,A,0.3326
Lane03,R2,8,10000,3459,1737,2218,2586,0,0.3459,0.1737,0.2218,0.2586,0.0,A,0.3459
Lane03,R2,9,10000,1761,3675,2612,1950,2,0.1761,0.3675,0.2612,0.195,0.0002,C,0.3675
Lane03,R2,10,10000,2768,2388,1458,3385,1,0.2768,0.2388,0.1458,0.3385,0.0001,T,0.3385
Lane03,R2,11,10000,2578,2033,3270,2118,1,0.2578,0.2033,0.327,0.2118,0.0001,G,0.327
Lane03,R2,12,10000,3175,1850,2098,2877,0,0.3175,0.185,0.2098,0.2877,0.0,A,0.3175
Lane03,R2,13,10000,2694,2186,2440,2679,1,0.2694,0.2186,0.244,0.2679,0.0001,A,0.2694
Lane03,R2,14,10000,2582,2876,2085,2457,0,0.2582,0.2876,0.2085,0.2457,0.0,C,0.2876
Lane03,R2,15,10000,3555,2015,2240,2190,0,0.3555,0.2015,0.224,0.219,0.0,A,0.3555
Lane03,R2,16,10000,3127,2059,2482,2330,2,0.3127,0.2059,0.2482,0.233,0.0002,A,0.3127
Lane03,R2,17,10000,3548,1783,2352,2317,0,0.3548,0.1783,0.2352,0.2317,0.0,A,0.3548
Lane03,R2,18,10000,3135,2076,1948,2840,1,0.3135,0.2076,0.1948,0.284,0.0001,A,0.3135
Lane03,R2,19,10000,3415,1957,2230,2397,1,0.3415,0.1957,0.223,0.2397,0.0001,A,0.3415
Lane03,R2,20,10000,3172,1956,2287,2584,1,0.3172,0.1956,0.2287,0.2584,0.0001,A,0.3172
Lane03,R2,21,10000,3125,2242,2463,2168,2,0.3125,0.2242,0.2463,0.2168,0.0002,A,0.3125
Lane03,R2,22,10000,3480,1846,2389,2285,0,0.348,0.1846,0.2389,0.2285,0.0,A,0.348
Lane03,R2,23,10000,3269,2251,2203,2276,1,0.3269,0.2251,0.2203,0.2276,0.0001,A,0.3269
Lane03,R2,24,10000,3508,1764,2324,2401,3,0.3508,0.1764,0.2324,0.2401,0.0003,A,0.3508
Lane03,R2,25,10000,3321,2263,1947,2469,0,0.3321,0.2263,0.1947,0.2469,0.0,A,0.3321
Lane03,R2,26,10000,3360,1922,2381,2337,0,0.336,0.1922,0.2381,0.2337,0.0,A,0.336
Lane03,R2,27,10000,3591,1884,2128,2396,1,0.3591,0.1884,0.2128,0.2396,0.0001,A,0.3591
Lane03,R2,28,10000,3312,1714,2501,2473,0,0.3312,0.1714,0.2501,0.2473,0.0,A,0.3312
Lane03,R2,29,10000,3643,1750,2020,2583,4,0.3643,0.175,0.202,0.2583,0.0004,A,0.3643
Lane03,R2,30,10000,3490,2062,2110,2336,2,0.349,0.2062,0.211,0.2336,0.0002,A,0.349
Lane03,R2,31,10000,3593,1814,2307,2285,1,0.3593,0.1814,0.2307,0.2285,0.0001,A,0.3593
Lane03,R2,32,10000,3519,1936,2159,2385,1,0.3519,0.1936,0.2159,0.2385,0.0001,A,0.3519
Lane03,R2,33,10000,3801,1956,2094,2148,1,0.3801,0.1956,0.2094,0.2148,0.0001,A,0.3801
Lane03,R2,34,10000,3492,1800,2442,2261,5,0.3492,0.18,0.2442,0.2261,0.0005,A,0.3492
Lane03,R2,35,10000,4127,1655,2054,2159,5,0.4127,0.1655,0.2054,0.2159,0.0005,A,0.4127
Lane03,R2,36,10000,3546,1736,2233,2484,1,0.3546,0.1736,0.2233,0.2484,0.0001,A,0.3546
Lane03,R2,37,10000,3630,2274,2012,2084,0,0.363,0.2274,0.2012,0.2084,0.0,A,0.363
Lane03,R2,38,10000,3639,1589,2600,2171,1,0.3639,0.1589,0.26,0.2171,0.0001,A,0.3639
Lane03,R2,39,10000,3677,1764,2420,2138,1,0.3677,0.1764,0.242,0.2138,0.0001,A,0.3677
Lane03,R2,40,10000,4298,1589,1980,2132,1,0.4298,0.1589,0.198,0.2132,0.0001,A,0.4298
Lane03,R2,41,10000,4012,1765,2052,2167,4,0.4012,0.1765,0.2052,0.2167,0.0004,A,0.4012
Lane03,R2,42,10000,3611,1644,2528,2214,3,0.3611,0.1644,0.2528,0.2214,0.0003,A,0.3611
Lane03,R2,43,10000,4165,1585,2149,2098,3,0.4165,0.1585,0.2149,0.2098,0.0003,A,0.4165
Lane03,R2,44,10000,3629,1781,2495,2093,2,0.3629,0.1781,0.2495,0.2093,0.0002,A,0.3629
Lane03,R2,45,10000,3718,2316,1984,1979,3,0.3718,0.2316,0.1984,0.1979,0.0003,A,0.3718
Lane03,R2,46,10000,3576,1796,2462,2162,4,0.3576,0.1796,0.2462,0.2162,0.0004,A,0.3576
Lane03,R2,47,10000,3710,1833,1909,2544,4,0.371,0.1833,0.1909,0.2544,0.0004,A,0.371
Lane03,R2,48,10000,3697,2208,1930,2110,55,0.3697,0.2208,0.193,0.211,0.0055,A,0.3697
Lane03,R2,49,10000,3579,1739,2501,2135,46,0.3579,0.1739,0.2501,0.2135,0.0046,A,0.3579
Lane03,R2,50,10000,3752,1654,1971,2620,3,0.3752,0.1654,0.1971,0.262,0.0003,A,0.3752
Lane03,R2,51,10000,3605,1610,2678,2102,5,0.3605,0.161,0.2678,0.2102,0.0005,A,0.3605
Lane03,R2,52,10000,3711,1604,2038,2643,4,0.3711,0.1604,0.2038,0.2643,0.0004,A,0.3711
Lane03,R2,53,10000,4261,1567,2063,2108,1,0.4261,0.1567,0.2063,0.2108,0.0001,A,0.4261
Lane03,R2,54,10000,3768,1491,2521,2215,5,0.3768,0.1491,0.2521,0.2215,0.0005,A,0.3768
Lane03,R2,55,10000,3837,1641,2427,2094,1,0.3837,0.1641,0.2427,0.2094,0.0001,A,0.3837
Lane03,R2,56,10000,3812,1567,2454,2167,0,0.3812,0.1567,0.2454,0.2167,0.0,A,0.3812
Lane03,R2,57,10000,4237,1729,1978,2055,1,0.4237,0.1729,0.1978,0.2055,0.0001,A,0.4237
Lane03,R2,58,10000,4281,1653,1943,2119,4,0.4281,0.1653,0.1943,0.2119,0.0004,A,0.4281
Lane03,R2,59,10000,4365,1579,2033,2022,1,0.4365,0.1579,0.2033,0.2022,0.0001,A,0.4365
Lane03,R2,60,10000,3787,1645,2479,2084,5,0.3787,0.1645,0.2479,0.2084,0.0005,A,0.3787
Lane03,R2,61,10000,4442,1539,2104,1912,3,0.4442,0.1539,0.2104,0.1912,0.0003,A,0.4442
Lane03,R2,62,10000,3690,1531,2571,2204,4,0.369,0.1531,0.2571,0.2204,0.0004,A,0.369
Lane03,R2,63,10000,3883,1697,1900,2517,3,0.3883,0.1697,0.19,0.2517,0.0003,A,0.3883
Lane03,R2,64,10000,3471,1629,2751,2144,5,0.3471,0.1629,0.2751,0.2144,0.0005,A,0.3471
Lane03,R2,65,10000,3609,1634,2090,2664,3,0.3609,0.1634,0.209,0.2664,0.0003,A,0.3609
Lane03,R2,66,10000,4241,1545,2245,1968,1,0.4241,0.1545,0.2245,0.1968,0.0001,A,0.4241
Lane03,R2,67,10000,4311,1547,2008,2123,11,0.4311,0.1547,0.2008,0.2123,0.0011,A,0.4311
Lane03,R2,68,10000,4328,1691,1961,1943,77,0.4328,0.1691,0.1961,0.1943,0.0077,A,0.4328
Lane03,R2,69,10000,3835,2069,2083,1939,74,0.3835,0.2069,0.2083,0.1939,0.0074,A,0.3835
Lane03,R2,70,10000,4332,1501,2086,2076,5,0.4332,0.1501,0.2086,0.2076,0.0005,A,0.4332
Lane03,R2,71,10000,3779,1715,1885,2620,1,0.3779,0.1715,0.1885,0.262,0.0001,A,0.3779
Lane03,R2,72,10000,3798,2029,2198,1971,4,0.3798,0.2029,0.2198,0.1971,0.0004,A,0.3798
Lane03,R2,73,10000,3654,1570,2438,2265,73,0.3654,0.157,0.2438,0.2265,0.0073,A,0.3654
Lane03,R2,74,10000,3667,1632,2621,2011,69,0.3667,0.1632,0.2621,0.2011,0.0069,A,0.3667
Lane03,R2,75,10000,3756,1434,2181,2570,59,0.3756,0.1434,0.2181,0.257,0.0059,A,0.3756
Lane03,R2,76,10000,3735,1511,2615,2118,21,0.3735,0.1511,0.2615,0.2118,0.0021,A,0.3735
Lane03,R2,77,10000,3961,1490,1970,2575,4,0.3961,0.149,0.197,0.2575,0.0004,A,0.3961
Lane03,R2,78,10000,4254,1442,1845,2455,4,0.4254,0.1442,0.1845,0.2455,0.0004,A,0.4254
Lane03,R2,79,10000,3786,1554,2537,2050,73,0.3786,0.1554,0.2537,0.205,0.0073,A,0.3786
Lane03,R2,80,10000,4356,1485,2071,2085,3,0.4356,0.1485,0.2071,0.2085,0.0003,A,0.4356
Lane03,R2,81,10000,3830,1461,2292,2366,51,0.383,0.1461,0.2292,0.2366,0.0051,A,0.383
Lane03,R2,82,10000,3963,1991,2037,1942,67,0.3963,0.1991,0.2037,0.1942,0.0067,A,0.3963
Lane03,R2,83,10000,4093,1473,1925,2442,67,0.4093,0.1473,0.1925,0.2442,0.0067,A,0.4093
Lane03,R2,84,10000,3839,1939,2223,1931,68,0.3839,0.1939,0.2223,0.1931,0.0068,A,0.3839
Lane03,R2,85,10000,4165,1472,2302,1984,77,0.4165,0.1472,0.2302,0.1984,0.0077,A,0.4165
Lane03,R2,86,10000,3840,1473,2660,1944,83,0.384,0.1473,0.266,0.1944,0.0083,A,0.384
Lane03,R2,87,10000,4065,1628,1907,2324,76,0.4065,0.1628,0.1907,0.2324,0.0076,A,0.4065
Lane03,R2,88,10000,3865,1418,2790,1842,85,0.3865,0.1418,0.279,0.1842,0.0085,A,0.3865
Lane03,R2,89,10000,3800,1454,2437,2211,98,0.38,0.1454,0.2437,0.2211,0.0098,A,0.38
Lane03,R2,90,10000,3810,1564,2080,2435,111,0.381,0.1564,0.208,0.2435,0.0111,A,0.381
Lane03,R2,91,10000,3808,1772,2190,2105,125,0.3808,0.1772,0.219,0.2105,0.0125,A,0.3808
Lane03,R2,92,10000,3969,1412,2270,2221,128,0.3969,0.1412,0.227,0.2221,0.0128,A,0.3969
Lane03,R2,93,10000,4047,1958,1895,1972,128,0.4047,0.1958,0.1895,0.1972,0.0128,A,0.4047
Lane03,R2,94,10000,3949,1900,2038,1974,139,0.3949,0.19,0.2038,0.1974,0.0139,A,0.3949
Lane03,R2,95,10000,4023,1548,2341,1927,161,0.4023,0.1548,0.2341,0.1927,0.0161,A,0.4023
Lane03,R2,96,10000,4142,1401,2008,2443,6,0.4142,0.1401,0.2008,0.2443,0.0006,A,0.4142
Lane03,R2,97,10000,4384,1486,1905,2166,59,0.4384,0.1486,0.1905,0.2166,0.0059,A,0.4384
Lane03,R2,98,10000,3933,1417,1941,2514,195,0.3933,0.1417,0.1941,0.2514,0.0195,A,0.3933
Lane03,R2,99,10000,3969,1849,2030,1959,193,0.3969,0.1849,0.203,0.1959,0.0193,A,0.3969
Lane03,R2,100,10000,4378,1410,2053,2013,146,0.4378,0.141,0.2053,0.2013,0.0146,A,0.4378
Lane04,R1,1,10000,2549,2176,2539,2736,0,0.2549,0.2176,0.2539,0.2736,0.0,T,0.2736
Lane04,R1,2,10000,2463,2175,2522,2840,0,0.2463,0.2175,0.2522,0.284,0.0,T,0.284
Lane04,R1,3,10000,2434,2269,2424,2873,0,0.2434,0.2269,0.2424,0.2873,0.0,T,0.2873
Lane04,R1,4,10000,2373,2494,2234,2899,0,0.2373,0.2494,0.2234,0.2899,0.0,T,0.2899
Lane04,R1,5,10000,6079,2217,414,1290,0,0.6079,0.2217,0.0414,0.129,0.0,A,0.6079
Lane04,R1,6,10000,2543,2267,2417,2773,0,0.2543,0.2267,0.2417,0.2773,0.0,T,0.2773
Lane04,R1,7,10000,2472,2082,2529,2917,0,0.2472,0.2082,0.2529,0.2917,0.0,T,0.2917
Lane04,R1,8,10000,2581,2094,2409,2916,0,0.2581,0.2094,0.2409,0.2916,0.0,T,0.2916
Lane04,R1,9,10000,2445,2256,2464,2835,0,0.2445,0.2256,0.2464,0.2835,0.0,T,0.2835
Lane04,R1,10,10000,2599,2148,2417,2836,0,0.2599,0.2148,0.2417,0.2836,0.0,T,0.2836
Lane04,R1,11,10000,2382,2199,2565,2854,0,0.2382,0.2199,0.2565,0.2854,0.0,T,0.2854
Lane04,R1,12,10000,2455,2196,2490,2859,0,0.2455,0.2196,0.249,0.2859,0.0,T,0.2859
Lane04,R1,13,10000,2481,2117,2419,2983,0,0.2481,0.2117,0.2419,0.2983,0.0,T,0.2983
Lane04,R1,14,10000,2480,2280,2474,2766,0,0.248,0.228,0.2474,0.2766,0.0,T,0.2766
Lane04,R1,15,10000,2398,2203,2484,2915,0,0.2398,0.2203,0.2484,0.2915,0.0,T,0.2915
Lane04,R1,16,10000,2421,2216,2481,2882,0,0.2421,0.2216,0.2481,0.2882,0.0,T,0.2882
Lane04,R1,17,10000,2462,2156,2507,2875,0,0.2462,0.2156,0.2507,0.2875,0.0,T,0.2875
Lane04,R1,18,10000,2468,2168,2480,2884,0,0.2468,0.2168,0.248,0.2884,0.0,T,0.2884
Lane04,R1,19,10000,2513,2211,2484,2792,0,0.2513,0.2211,0.2484,0.2792,0.0,T,0.2792
Lane04,R1,20,10000,2481,2184,2432,2903,0,0.2481,0.2184,0.2432,0.2903,0.0,T,0.2903
Lane04,R1,21,10000,2458,2355,2353,2834,0,0.2458,0.2355,0.2353,0.2834,0.0,T,0.2834
Lane04,R1,22,10000,2425,2327,2423,2825,0,0.2425,0.2327,0.2423,0.2825,0.0,T,0.2825
Lane04,R1,23,10000,2511,2234,2368,2887,0,0.2511,0.2234,0.2368,0.2887,0.0,T,0.2887
Lane04,R1,24,10000,2473,2295,2369,2863,0,0.2473,0.2295,0.2369,0.2863,0.0,T,0.2863
Lane04,R1,25,10000,2559,2206,2365,2870,0,0.2559,0.2206,0.2365,0.287,0.0,T,0.287
Lane04,R1,26,10000,2456,2340,2349,2854,1,0.2456,0.234,0.2349,0.2854,0.0001,T,0.2854
Lane04,R1,27,10000,2484,2451,2318,2746,1,0.2484,0.2451,0.2318,0.2746,0.0001,T,0.2746
Lane04,R1,28,10000,2498,2312,2373,2817,0,0.2498,0.2312,0.2373,0.2817,0.0,T,0.2817
Lane04,R1,29,10000,2460,2438,2248,2854,0,0.246,0.2438,0.2248,0.2854,0.0,T,0.2854
Lane04,R1,30,10000,2429,2733,2106,2732,0,0.2429,0.2733,0.2106,0.2732,0.0,C,0.2733
Lane04,R1,31,10000,381,8576,440,602,1,0.0381,0.8576,0.044,0.0602,0.0001,C,0.8576
Lane04,R1,32,10000,467,8477,388,668,0,0.0467,0.8477,0.0388,0.0668,0.0,C,0.8477
Lane04,R1,33,10000,447,8030,723,800,0,0.0447,0.803,0.0723,0.08,0.0,C,0.803
Lane04,R1,34,10000,407,784,7297,1512,0,0.0407,0.0784,0.7297,0.1512,0.0,G,0.7297
Lane04,R1,35,10000,520,1008,877,7595,0,0.052,0.1008,0.0877,0.7595,0.0,T,0.7595
Lane04,R1,36,10000,502,1238,491,7769,0,0.0502,0.1238,0.0491,0.7769,0.0,T,0.7769
Lane04,R1,37,10000,683,7771,904,641,1,0.0683,0.7771,0.0904,0.0641,0.0001,C,0.7771
Lane04,R1,38,10000,756,1300,6795,1149,0,0.0756,0.13,0.6795,0.1149,0.0,G,0.6795
Lane04,R1,39,10000,1101,7656,542,701,0,0.1101,0.7656,0.0542,0.0701,0.0,C,0.7656
Lane04,R1,40,10000,7599,777,363,1257,4,0.7599,0.0777,0.0363,0.1257,0.0004,A,0.7599
Lane04,R1,41,10000,7205,1202,423,1169,1,0.7205,0.1202,0.0423,0.1169,0.0001,A,0.7205
Lane04,R1,42,10000,1577,7068,411,944,0,0.1577,0.7068,0.0411,0.0944,0.0,C,0.7068
Lane04,R1,43,10000,6970,804,591,1635,0,0.697,0.0804,0.0591,0.1635,0.0,A,0.697
Lane04,R1,44,10000,1191,685,943,7181,0,0.1191,0.0685,0.0943,0.7181,0.0,T,0.7181
Lane04,R1,45,10000,536,1328,6962,1174,0,0.0536,0.1328,0.6962,0.1174,0.0,G,0.6962
Lane04,R1,46,10000,1204,1182,541,7073,0,0.1204,0.1182,0.0541,0.7073,0.0,T,0.7073
Lane04,R1,47,10000,584,7569,736,1110,1,0.0584,0.7569,0.0736,0.111,0.0001,C,0.7569
Lane04,R1,48,10000,1165,838,1163,6834,0,0.1165,0.0838,0.1163,0.6834,0.0,T,0.6834
Lane04,R1,49,10000,613,1035,7112,1240,0,0.0613,0.1035,0.7112,0.124,0.0,G,0.7112
Lane04,R1,50,10000,756,1703,6796,745,0,0.0756,0.1703,0.6796,0.0745,0.0,G,0.6796
Lane04,R1,51,10000,640,6720,1055,1585,0,0.064,0.672,0.1055,0.1585,0.0,C,0.672
Lane04,R1,52,10000,686,1629,6508,1177,0,0.0686,0.1629,0.6508,0.1177,0.0,G,0.6508
Lane04,R1,53,10000,799,1702,577,6922,0,0.0799,0.1702,0.0577,0.6922,0.0,T,0.6922
Lane04,R1,54,10000,1172,6710,1034,1083,1,0.1172,0.671,0.1034,0.1083,0.0001,C,0.671
Lane04,R1,55,10000,7112,831,668,1389,0,0.7112,0.0831,0.0668,0.1389,0.0,A,0.7112
Lane04,R1,56,10000,1218,758,1170,6854,0,0.1218,0.0758,0.117,0.6854,0.0,T,0.6854
Lane04,R1,57,10000,6313,1542,851,1294,0,0.6313,0.1542,0.0851,0.1294,0.0,A,0.6313
Lane04,R1,58,10000,663,1723,636,6978,0,0.0663,0.1723,0.0636,0.6978,0.0,T,0.6978
Lane04,R1,59,10000,744,7114,596,1546,0,0.0744,0.7114,0.0596,0.1546,0.0,C,0.7114
Lane04,R1,60,10000,1134,1125,711,7029,1,0.1134,0.1125,0.0711,0.7029,0.0001,T,0.7029
Lane04,R1,61,10000,736,1419,1336,6509,0,0.0736,0.1419,0.1336,0.6509,0.0,T,0.6509
Lane04,R1,62,10000,875,853,6802,1470,0,0.0875,0.0853,0.6802,0.147,0.0,G,0.6802
Lane04,R1,63,10000,1416,1172,1249,6163,0,0.1416,0.1172,0.1249,0.6163,0.0,T,0.6163
Lane04,R1,64,10000,1230,1007,6484,1277,2,0.123,0.1007,0.6484,0.1277,0.0002,G,0.6484
Lane04,R1,65,10000,6548,1660,676,1116,0,0.6548,0.166,0.0676,0.1116,0.0,A,0.6548
Lane04,R1,66,10000,964,6582,716,1738,0,0.0964,0.6582,0.0716,0.1738,0.0,C,0.6582
Lane04,R1,67,10000,1714,1426,627,6233,0,0.1714,0.1426,0.0627,0.6233,0.0,T,0.6233
Lane04,R1,68,10000,6044,1582,1082,1292,0,0.6044,0.1582,0.1082,0.1292,0.0,A,0.6044
Lane04,R1,69,10000,1309,5992,975,1722,2,0.1309,0.5992,0.0975,0.1722,0.0002,C,0.5992
Lane04,R1,70,10000,5955,1203,1725,1117,0,0.5955,0.1203,0.1725,0.1117,0.0,A,0.5955
Lane04,R1,71,10000,883,1656,6122,1320,19,0.0883,0.1656,0.6122,0.132,0.0019,G,0.6122
Lane04,R1,72,10000,1509,6307,768,1416,0,0.1509,0.6307,0.0768,0.1416,0.0,C,0.6307
Lane04,R1,73,10000,5661,2586,595,1158,0,0.5661,0.2586,0.0595,0.1158,0.0,A,0.5661
Lane04,R1,74,10000,1557,6609,653,1178,3,0.1557,0.6609,0.0653,0.1178,0.0003,C,0.6609
Lane04,R1,75,10000,1445,6445,768,1342,0,0.1445,0.6445,0.0768,0.1342,0.0,C,0.6445
Lane04,R1,76,10000,1172,6033,641,2153,1,0.1172,0.6033,0.0641,0.2153,0.0001,C,0.6033
Lane04,R1,77,10000,1035,2047,1030,5888,0,0.1035,0.2047,0.103,0.5888,0.0,T,0.5888
Lane04,R1,78,10000,1234,5792,1120,1853,1,0.1234,0.5792,0.112,0.1853,0.0001,C,0.5792
Lane04,R1,79,10000,1420,2128,5247,1204,1,0.142,0.2128,0.5247,0.1204,0.0001,G,0.5247
Lane04,R1,80,10000,5514,1731,1302,1453,0,0.5514,0.1731,0.1302,0.1453,0.0,A,0.5514
Lane04,R1,81,10000,1269,6016,682,2032,1,0.1269,0.6016,0.0682,0.2032,0.0001,C,0.6016
Lane04,R1,82,10000,1521,1666,1049,5764,0,0.1521,0.1666,0.1049,0.5764,0.0,T,0.5764
Lane04,R1,83,10000,1236,5664,754,2346,0,0.1236,0.5664,0.0754,0.2346,0.0,C,0.5664
Lane04,R1,84,10000,1257,1762,1620,5361,0,0.1257,0.1762,0.162,0.5361,0.0,T,0.5361
Lane04,R1,85,10000,1259,6084,1336,1319,2,0.1259,0.6084,0.1336,0.1319,0.0002,C,0.6084
Lane04,R1,86,10000,1443,2193,5202,1161,1,0.1443,0.2193,0.5202,0.1161,0.0001,G,0.5202
Lane04,R1,87,10000,1400,5951,1394,1253,2,0.14,0.5951,0.1394,0.1253,0.0002,C,0.5951
Lane04,R1,88,10000,2867,2321,2267,2543,2,0.2867,0.2321,0.2267,0.2543,0.0002,A,0.2867
Lane04,R1,89,10000,2832,3003,2001,2163,1,0.2832,0.3003,0.2001,0.2163,0.0001,C,0.3003
Lane04,R1,90,10000,2876,2267,2084,2772,1,0.2876,0.2267,0.2084,0.2772,0.0001,A,0.2876
Lane04,R1,91,10000,2989,2398,1942,2668,3,0.2989,0.2398,0.1942,0.2668,0.0003,A,0.2989
Lane04,R1,92,10000,2700,3038,1912,2350,0,0.27,0.3038,0.1912,0.235,0.0,C,0.3038
Lane04,R1,93,10000,2828,2425,1866,2880,1,0.2828,0.2425,0.1866,0.288,0.0001,T,0.288
Lane04,R1,94,10000,2573,2868,2575,1983,1,0.2573,0.2868,0.2575,0.1983,0.0001,C,0.2868
Lane04,R1,95,10000,3146,2593,1963,2297,1,0.3146,0.2593,0.1963,0.2297,0.0001,A,0.3146
Lane04,R1,96,10000,2491,2505,2291,2708,5,0.2491,0.2505,0.2291,0.2708,0.0005,T,0.2708
Lane04,R1,97,10000,2646,2283,1924,3145,2,0.2646,0.2283,0.1924,0.3145,0.0002,T,0.3145
Lane04,R1,98,10000,1368,1139,1575,5917,1,0.1368,0.1139,0.1575,0.5917,0.0001,T,0.5917
Lane04,R1,99,10000,1710,1462,986,5838,4,0.171,0.1462,0.0986,0.5838,0.0004,T,0.5838
Lane04,R1,100,10000,2179,1240,974,5601,6,0.2179,0.124,0.0974,0.5601,0.0006,T,0.5601
Lane04,R2,1,10000,2121,2635,4426,818,0,0.2121,0.2635,0.4426,0.0818,0.0,G,0.4426
Lane04,R2,2,10000,2013,1955,2268,3764,0,0.2013,0.1955,0.2268,0.3764,0.0,T,0.3764
Lane04,R2,3,10000,2590,2449,2016,2945,0,0.259,0.2449,0.2016,0.2945,0.0,T,0.2945
Lane04,R2,4,10000,1596,3147,1664,3593,0,0.1596,0.3147,0.1664,0.3593,0.0,T,0.3593
Lane04,R2,5,10000,3575,1533,1265,3625,2,0.3575,0.1533,0.1265,0.3625,0.0002,T,0.3625
Lane04,R2,6,10000,3674,1548,3018,1760,0,0.3674,0.1548,0.3018,0.176,0.0,A,0.3674
Lane04,R2,7,10000,3392,1600,2454,2554,0,0.3392,0.16,0.2454,0.2554,0.0,A,0.3392
Lane04,R2,8,10000,3527,1661,2242,2570,0,0.3527,0.1661,0.2242,0.257,0.0,A,0.3527
Lane04,R2,9,10000,1767,3711,2674,1848,0,0.1767,0.3711,0.2674,0.1848,0.0,C,0.3711
Lane04,R2,10,10000,2778,2266,1560,3396,0,0.2778,0.2266,0.156,0.3396,0.0,T,0.3396
Lane04,R2,11,10000,2476,2128,3303,2093,0,0.2476,0.2128,0.3303,0.2093,0.0,G,0.3303
Lane04,R2,12,10000,3153,1981,2128,2738,0,0.3153,0.1981,0.2128,0.2738,0.0,A,0.3153
Lane04,R2,13,10000,2667,2311,2442,2580,0,0.2667,0.2311,0.2442,0.258,0.0,A,0.2667
Lane04,R2,14,10000,2556,2866,2275,2303,0,0.2556,0.2866,0.2275,0.2303,0.0,C,0.2866
Lane04,R2,15,10000,3708,1999,2166,2125,2,0.3708,0.1999,0.2166,0.2125,0.0002,A,0.3708
Lane04,R2,16,10000,3048,2066,2563,2323,0,0.3048,0.2066,0.2563,0.2323,0.0,A,0.3048
Lane04,R2,17,10000,3714,1868,2180,2238,0,0.3714,0.1868,0.218,0.2238,0.0,A,0.3714
Lane04,R2,18,10000,3096,2099,2072,2733,0,0.3096,0.2099,0.2072,0.2733,0.0,A,0.3096
Lane04,R2,19,10000,3368,1980,2365,2287,0,0.3368,0.198,0.2365,0.2287,0.0,A,0.3368
Lane04,R2,20,10000,3151,1995,2213,2640,1,0.3151,0.1995,0.2213,0.264,0.0001,A,0.3151
Lane04,R2,21,10000,3092,2130,2538,2238,2,0.3092,0.213,0.2538,0.2238,0.0002,A,0.3092
Lane04,R2,22,10000,3436,1889,2383,2290,2,0.3436,0.1889,0.2383,0.229,0.0002,A,0.3436
Lane04,R2,23,10000,3098,2316,2293,2293,0,0.3098,0.2316,0.2293,0.2293,0.0,A,0.3098
Lane04,R2,24,10000,3392,1787,2436,2383,2,0.3392,0.1787,0.2436,0.2383,0.0002,A,0.3392
Lane04,R2,25,10000,3276,2328,1905,2490,1,0.3276,0.2328,0.1905,0.249,0.0001,A,0.3276
Lane04,R2,26,10000,3271,1914,2467,2347,1,0.3271,0.1914,0.2467,0.2347,0.0001,A,0.3271
Lane04,R2,27,10000,3400,1987,2176,2437,0,0.34,0.1987,0.2176,0.2437,0.0,A,0.34
Lane04,R2,28,10000,3187,1744,2608,2461,0,0.3187,0.1744,0.2608,0.2461,0.0,A,0.3187
Lane04,R2,29,10000,3435,1905,2256,2403,1,0.3435,0.1905,0.2256,0.2403,0.0001,A,0.3435
Lane04,R2,30,10000,3317,2088,2256,2336,3,0.3317,0.2088,0.2256,0.2336,0.0003,A,0.3317
Lane04,R2,31,10000,3524,1899,2364,2213,0,0.3524,0.1899,0.2364,0.2213,0.0,A,0.3524
Lane04,R2,32,10000,3435,1952,2198,2415,0,0.3435,0.1952,0.2198,0.2415,0.0,A,0.3435
Lane04,R2,33,10000,3714,1943,2236,2105,2,0.3714,0.1943,0.2236,0.2105,0.0002,A,0.3714
Lane04,R2,34,10000,3432,1858,2478,2231,1,0.3432,0.1858,0.2478,0.2231,0.0001,A,0.3432
Lane04,R2,35,10000,3935,1739,2153,2172,1,0.3935,0.1739,0.2153,0.2172,0.0001,A,0.3935
Lane04,R2,36,10000,3557,1685,2344,2413,1,0.3557,0.1685,0.2344,0.2413,0.0001,A,0.3557
Lane04,R2,37,10000,3540,2314,2056,2088,2,0.354,0.2314,0.2056,0.2088,0.0002,A,0.354
Lane04,R2,38,10000,3605,1615,2546,2232,2,0.3605,0.1615,0.2546,0.2232,0.0002,A,0.3605
Lane04,R2,39,10000,3601,1776,2523,2100,0,0.3601,0.1776,0.2523,0.21,0.0,A,0.3601
Lane04,R2,40,10000,4132,1569,2070,2223,6,0.4132,0.1569,0.207,0.2223,0.0006,A,0.4132
Lane04,R2,41,10000,3896,1725,2182,2196,1,0.3896,0.1725,0.2182,0.2196,0.0001,A,0.3896
Lane04,R2,42,10000,3615,1622,2533,2229,1,0.3615,0.1622,0.2533,0.2229,0.0001,A,0.3615
Lane04,R2,43,10000,4015,1634,2159,2189,3,0.4015,0.1634,0.2159,0.2189,0.0003,A,0.4015
Lane04,R2,44,10000,3494,1815,2649,2042,0,0.3494,0.1815,0.2649,0.2042,0.0,A,0.3494
Lane04,R2,45,10000,3704,2181,2075,2038,2,0.3704,0.2181,0.2075,0.2038,0.0002,A,0.3704
Lane04,R2,46,10000,3484,1801,2498,2217,0,0.3484,0.1801,0.2498,0.2217,0.0,A,0.3484
Lane04,R2,47,10000,3600,1864,1960,2575,1,0.36,0.1864,0.196,0.2575,0.0001,A,0.36
Lane04,R2,48,10000,3647,2155,2001,2148,49,0.3647,0.2155,0.2001,0.2148,0.0049,A,0.3647
Lane04,R2,49,10000,3443,1779,2568,2166,44,0.3443,0.1779,0.2568,0.2166,0.0044,A,0.3443
Lane04,R2,50,10000,3660,1719,2096,2523,2,0.366,0.1719,0.2096,0.2523,0.0002,A,0.366
Lane04,R2,51,10000,3500,1650,2731,2116,3,0.35,0.165,0.2731,0.2116,0.0003,A,0.35
Lane04,R2,52,10000,3584,1667,2030,2718,1,0.3584,0.1667,0.203,0.2718,0.0001,A,0.3584
Lane04,R2,53,10000,4124,1643,2080,2151,2,0.4124,0.1643,0.208,0.2151,0.0002,A,0.4124
Lane04,R2,54,10000,3639,1438,2569,2354,0,0.3639,0.1438,0.2569,0.2354,0.0,A,0.3639
Lane04,R2,55,10000,3853,1563,2433,2150,1,0.3853,0.1563,0.2433,0.215,0.0001,A,0.3853
Lane04,R2,56,10000,3700,1522,2595,2183,0,0.37,0.1522,0.2595,0.2183,0.0,A,0.37
Lane04,R2,57,10000,4174,1754,2016,2053,3,0.4174,0.1754,0.2016,0.2053,0.0003,A,0.4174
Lane04,R2,58,10000,4143,1654,1998,2202,3,0.4143,0.1654,0.1998,0.2202,0.0003,A,0.4143
Lane04,R2,59,10000,4340,1573,2087,1994,6,0.434,0.1573,0.2087,0.1994,0.0006,A,0.434
Lane04,R2,60,10000,3824,1656,2414,2103,3,0.3824,0.1656,0.2414,0.2103,0.0003,A,0.3824
Lane04,R2,61,10000,4323,1521,2185,1969,2,0.4323,0.1521,0.2185,0.1969,0.0002,A,0.4323
Lane04,R2,62,10000,3611,1520,2678,2189,2,0.3611,0.152,0.2678,0.2189,0.0002,A,0.3611
Lane04,R2,63,10000,3909,1778,1934,2373,6,0.3909,0.1778,0.1934,0.2373,0.0006,A,0.3909
Lane04,R2,64,10000,3433,1529,2880,2107,51,0.3433,0.1529,0.288,0.2107,0.0051,A,0.3433
Lane04,R2,65,10000,3553,1677,2110,2607,53,0.3553,0.1677,0.211,0.2607,0.0053,A,0.3553
Lane04,R2,66,10000,4033,1630,2282,2010,45,0.4033,0.163,0.2282,0.201,0.0045,A,0.4033
Lane04,R2,67,10000,4141,1594,2105,2099,61,0.4141,0.1594,0.2105,0.2099,0.0061,A,0.4141
Lane04,R2,68,10000,4227,1691,2094,1981,7,0.4227,0.1691,0.2094,0.1981,0.0007,A,0.4227
Lane04,R2,69,10000,3802,2042,2186,1917,53,0.3802,0.2042,0.2186,0.1917,0.0053,A,0.3802
Lane04,R2,70,10000,4014,1545,2176,2218,47,0.4014,0.1545,0.2176,0.2218,0.0047,A,0.4014
Lane04,R2,71,10000,3787,1696,2049,2461,7,0.3787,0.1696,0.2049,0.2461,0.0007,A,0.3787
Lane04,R2,72,10000,3620,1946,2325,2065,44,0.362,0.1946,0.2325,0.2065,0.0044,A,0.362
Lane04,R2,73,10000,3653,1612,2339,2341,55,0.3653,0.1612,0.2339,0.2341,0.0055,A,0.3653
Lane04,R2,74,10000,3600,1771,2604,1970,55,0.36,0.1771,0.2604,0.197,0.0055,A,0.36
Lane04,R2,75,10000,3705,1545,2253,2451,46,0.3705,0.1545,0.2253,0.2451,0.0046,A,0.3705
Lane04,R2,76,10000,3569,1582,2626,2176,47,0.3569,0.1582,0.2626,0.2176,0.0047,A,0.3569
Lane04,R2,77,10000,3802,1478,2160,2514,46,0.3802,0.1478,0.216,0.2514,0.0046,A,0.3802
Lane04,R2,78,10000,4151,1578,1911,2351,9,0.4151,0.1578,0.1911,0.2351,0.0009,A,0.4151
Lane04,R2,79,10000,3699,1638,2537,2078,48,0.3699,0.1638,0.2537,0.2078,0.0048,A,0.3699
Lane04,R2,80,10000,4272,1397,2132,2149,50,0.4272,0.1397,0.2132,0.2149,0.005,A,0.4272
Lane04,R2,81,10000,3896,1422,2350,2328,4,0.3896,0.1422,0.235,0.2328,0.0004,A,0.3896
Lane04,R2,82,10000,3954,1941,2131,1930,44,0.3954,0.1941,0.2131,0.193,0.0044,A,0.3954
Lane04,R2,83,10000,4114,1401,2037,2394,54,0.4114,0.1401,0.2037,0.2394,0.0054,A,0.4114
Lane04,R2,84,10000,3846,2015,2245,1840,54,0.3846,0.2015,0.2245,0.184,0.0054,A,0.3846
Lane04,R2,85,10000,4176,1444,2226,2095,59,0.4176,0.1444,0.2226,0.2095,0.0059,A,0.4176
Lane04,R2,86,10000,3806,1565,2595,1969,65,0.3806,0.1565,0.2595,0.1969,0.0065,A,0.3806
Lane04,R2,87,10000,4051,1641,1939,2311,58,0.4051,0.1641,0.1939,0.2311,0.0058,A,0.4051
Lane04,R2,88,10000,3845,1369,2795,1907,84,0.3845,0.1369,0.2795,0.1907,0.0084,A,0.3845
Lane04,R2,89,10000,3732,1481,2464,2249,74,0.3732,0.1481,0.2464,0.2249,0.0074,A,0.3732
Lane04,R2,90,10000,3835,1548,2156,2372,89,0.3835,0.1548,0.2156,0.2372,0.0089,A,0.3835
Lane04,R2,91,10000,3691,1758,2274,2173,104,0.3691,0.1758,0.2274,0.2173,0.0104,A,0.3691
Lane04,R2,92,10000,3921,1482,2299,2172,126,0.3921,0.1482,0.2299,0.2172,0.0126,A,0.3921
Lane04,R2,93,10000,4037,1907,1952,1966,138,0.4037,0.1907,0.1952,0.1966,0.0138,A,0.4037
Lane04,R2,94,10000,4035,1871,2106,1860,128,0.4035,0.1871,0.2106,0.186,0.0128,A,0.4035
Lane04,R2,95,10000,4044,1549,2337,1941,129,0.4044,0.1549,0.2337,0.1941,0.0129,A,0.4044
Lane04,R2,96,10000,3934,1434,2079,2412,141,0.3934,0.1434,0.2079,0.2412,0.0141,A,0.3934
Lane04,R2,97,10000,4208,1496,1959,2170,167,0.4208,0.1496,0.1959,0.217,0.0167,A,0.4208
Lane04,R2,98,10000,3958,1441,1949,2478,174,0.3958,0.1441,0.1949,0.2478,0.0174,A,0.3958
Lane04,R2,99,10000,3950,1906,2019,1940,185,0.395,0.1906,0.2019,0.194,0.0185,A,0.395
Lane04,R2,100,10000,4357,1470,2009,1980,184,0.4357,0.147,0.2009,0.198,0.0184,A,0.4357
